<Index dataContractVersion="2013" xmlns="http://www.sdltridion.com/ContentManager/ImportExport/Package/2013">
  <Item id="tcm:0-0-0" selected="false" exported="true">
    <ApplicationIds>
      <ApplicationId>http://www.sdl.com/tridion/SemanticMapping/vocabularies</ApplicationId>
    </ApplicationIds>
    <Item id="tcm:0-1047-1" title="000%20Empty" itemType="Publication" selected="false" exported="true">
      <Item id="tcm:1047-3461-2" title="Building%20Blocks" itemType="Folder" blueprintStatus="LocalItem" selected="true" exported="true">
        <Item id="f596c13f5eb74793861abb5e63515cd0" title="Default%20Templates" itemType="Folder" selected="false" exported="false">
          <Item id="85bf97405ef843b591d972f5acd215a8" title="Default%20Component%20Template" extension="tctcmp" itemType="ComponentTemplate" selected="false" exported="false" />
          <Item id="2212810e89134a6282ddc4b1f191894a" title="Default%20Dreamweaver%20Page%20Design" extension="dwt" itemType="TemplateBuildingBlock" selected="false" exported="false" />
          <Item id="a96c72e896e84f708a453bd5bec0218d" title="Default%20Page%20Template" extension="tptcmp" itemType="PageTemplate" selected="false" exported="false" />
        </Item>
        <Item id="a1590c24b42e45d488c890e79538b8a0" title="Default%20Multimedia%20Schema" extension="xsd" itemType="Schema" selected="false" exported="false" />
      </Item>
      <Item id="d73b941ee6144096958ec368baa2c954" title="Task%20Process" extension="tpd" itemType="ProcessDefinition" selected="false" exported="false" />
    </Item>
    <Item id="tcm:0-4114-1" title="100%20Master" itemType="Publication" selected="true" exported="true">
      <Item id="tcm:4114-3461-2" title="Building%20Blocks" itemType="Folder" blueprintStatus="SharedItem" selected="true" exported="true">
        <Item id="f9f1e2db8c9e4684a341b2579298b5ff" title="Default%20Templates" itemType="Folder" selected="false" exported="false">
          <Item id="62be8b1bcc574dc9967a6e077fe9b94b" title="SmartTarget" itemType="Folder" selected="false" exported="false">
            <Item id="8330262ec4744736b6d5c73a9903b84a" title="Add%20to%20SmartTarget" extension="tbbcs" itemType="TemplateBuildingBlock" selected="false" exported="false" />
          </Item>
          <Item id="2c0bd64a8a484993b03fdaf547b7f22f" title="Default%20Component%20Template" extension="tctcmp" itemType="ComponentTemplate" selected="false" exported="false" />
          <Item id="805d0d868b764b3284974520b6829fd8" title="Default%20Dreamweaver%20Page%20Design" extension="dwt" itemType="TemplateBuildingBlock" selected="false" exported="false" />
          <Item id="4f5c8c8deea74a14845bb5dfbe5b6a9b" title="Default%20Page%20Template" extension="tptcmp" itemType="PageTemplate" selected="false" exported="false" />
        </Item>
        <Item id="tcm:4114-18904-2" title="Modules" itemType="Folder" blueprintStatus="LocalItem" selected="true" exported="true">
          <Item id="tcm:4114-18905-2" title="Core" itemType="Folder" blueprintStatus="LocalItem" selected="false" exported="true">
            <Item id="tcm:4114-18911-2" title="Admin" itemType="Folder" blueprintStatus="LocalItem" selected="false" exported="true">
              <Item id="1b62dff9964444ad9e2e081be5694b93" title="Schemas" itemType="Folder" selected="false" exported="false">
                <Item id="21c52daef6d74e9a9c91758c8cbe0cc9" title="Module%20Configuration" extension="xsd" itemType="Schema" selected="false" exported="false" />
              </Item>
              <Item id="tcm:4114-27375" title="Build%20Files" extension="zip" itemType="Component" subtype="1" blueprintStatus="LocalItem" selected="false" exported="true" />
              <Item id="tcm:4114-27384" title="Core" extension="xml" itemType="Component" blueprintStatus="LocalItem" selected="false" exported="true" />
              <Item id="tcm:4114-27304" title="HTML%20Design" extension="zip" itemType="Component" subtype="1" blueprintStatus="LocalItem" selected="false" exported="true" />
            </Item>
            <Item id="52f70d358083403f928531b160c98ab2" title="Developer" itemType="Folder" selected="false" exported="false">
              <Item id="a0451d6f489141b3b1ced6c39044f4c8" title="Core%20Template%20Building%20Blocks" itemType="Folder" selected="false" exported="false">
                <Item id="3fc3cf132eee427aa55f57bce8bc6517" title="Default%20Component%20Template%20Finish%20Actions" extension="tbbcmp" itemType="TemplateBuildingBlock" selected="false" exported="false" />
                <Item id="b6a5e48060b243d5a9b25e5672b12ea5" title="Default%20Page%20Template%20Finish%20Actions" extension="tbbcmp" itemType="TemplateBuildingBlock" selected="false" exported="false" />
                <Item id="a9f2b2738e3241b79a4c492fa29b8f2f" title="Render%20Component%20Content" extension="tbbcmp" itemType="TemplateBuildingBlock" selected="false" exported="false" />
                <Item id="a3ff734058024d7693b89d99c6935dca" title="Render%20Page%20Content" extension="tbbcmp" itemType="TemplateBuildingBlock" selected="false" exported="false" />
              </Item>
              <Item id="a6cbad2812d649cf8a3740e0b6a8f32e" title="Schemas" itemType="Folder" selected="false" exported="false">
                <Item id="d49d6edc46964cf59c555e02ca77b97f" title="Metadata" itemType="Folder" selected="false" exported="false">
                  <Item id="5397dd740025444e999d670819d81663" title="Component%20Template%20Metadata" extension="xsd" itemType="Schema" selected="false" exported="false" />
                </Item>
                <Item id="6675af1cd79c4240a42ce7b94aed5c1d" title="ZIP%20file" extension="xsd" itemType="Schema" selected="false" exported="false" />
              </Item>
            </Item>
            <Item id="75e7785d2af7469ebcab2b4c933e61f9" title="Editor" itemType="Folder" selected="false" exported="false">
              <Item id="514b33cda6674a51939167c7e996f7a0" title="Schemas" itemType="Folder" selected="false" exported="false">
                <Item id="4f87a18320354e32a2297f92ba9e944e" title="Embedded" itemType="Folder" selected="false" exported="false">
                  <Item id="e7b8c934754d45cf9e89cb35d1c9e580" title="Link" extension="xsd" itemType="Schema" selected="false" exported="false" />
                </Item>
              </Item>
            </Item>
            <Item id="65afdb94a87846b5acac3547c193bc25" title="Site%20Manager" itemType="Folder" selected="false" exported="false">
              <Item id="8107b8c22d054441979b6227417752cd" title="Schemas" itemType="Folder" selected="false" exported="false">
                <Item id="3c623777ef87493e9e66aa5603beb62b" title="Metadata" itemType="Folder" selected="false" exported="false">
                  <Item id="3ac438fe79fc4b95bc55069d7f0d620b" title="Publication%20Metadata" extension="xsd" itemType="Schema" selected="false" exported="false" />
                </Item>
                <Item id="55e46bedb0e14adf874ff7988b1aefa5" title="Bootstrap%20Configuration" extension="xsd" itemType="Schema" selected="false" exported="false" />
                <Item id="9726cb3c88744e4e8d972d5f2bf1a88f" title="Favicon" extension="xsd" itemType="Schema" selected="false" exported="false" />
                <Item id="8101b783e2e14f11a880d4592e59af19" title="General%20Configuration" extension="xsd" itemType="Schema" selected="false" exported="false" />
                <Item id="0289580c8b144bbfa47d1a35c9614391" title="HTML%20Design%20Configuration" extension="xsd" itemType="Schema" selected="false" exported="false" />
                <Item id="95920fd7c2f14921a4fe8cb0f3d16272" title="Resources%20-%20Core" extension="xsd" itemType="Schema" selected="false" exported="false" />
                <Item id="aa73240ec22a4de085616da54c3b2552" title="Resources%20-%20Custom" extension="xsd" itemType="Schema" selected="false" exported="false" />
              </Item>
            </Item>
          </Item>
          <Item id="tcm:4114-18976-2" title="SmartTarget" itemType="Folder" blueprintStatus="LocalItem" selected="true" exported="true">
            <Item id="tcm:4114-18984-2" title="Admin" itemType="Folder" blueprintStatus="LocalItem" selected="true" exported="true">
              <Item id="tcm:4114-27593" title="SmartTarget" extension="xml" itemType="Component" blueprintStatus="LocalItem" selected="true" exported="true" />
            </Item>
            <Item id="tcm:4114-18979-2" title="Editor" itemType="Folder" blueprintStatus="LocalItem" selected="true" exported="true">
              <Item id="tcm:4114-18980-2" title="Schemas" itemType="Folder" blueprintStatus="LocalItem" selected="true" exported="true">
                <Item id="tcm:4114-18981-2" title="Embedded" itemType="Folder" blueprintStatus="LocalItem" selected="true" exported="true">
                  <Item id="tcm:4114-27591-8" title="SmartTarget%20Region%20Metadata" extension="xsd" itemType="Schema" subtype="2" blueprintStatus="LocalItem" selected="true" exported="true" />
                </Item>
                <Item id="tcm:4114-18986-2" title="Metadata" itemType="Folder" blueprintStatus="LocalItem" selected="true" exported="true">
                  <Item id="tcm:4114-27595-8" title="SmartTarget%20Page%20Template%20Metadata" extension="xsd" itemType="Schema" subtype="3" blueprintStatus="LocalItem" selected="true" exported="true" />
                </Item>
                <Item id="tcm:4114-27600-8" title="Promo%20Banner" extension="xsd" itemType="Schema" blueprintStatus="LocalItem" selected="true" exported="true" />
              </Item>
              <Item id="tcm:4114-18985-2" title="Templates" itemType="Folder" blueprintStatus="LocalItem" selected="true" exported="true">
                <Item id="tcm:4114-27594-32" title="Promo%20Banner%20%5BHero%5D" extension="tctcmp" itemType="ComponentTemplate" blueprintStatus="LocalItem" selected="true" exported="true" />
                <Item id="tcm:4114-27601-128" title="SmartTarget%20Home%20Page" extension="tptcmp" itemType="PageTemplate" blueprintStatus="LocalItem" selected="true" exported="true" />
              </Item>
            </Item>
          </Item>
        </Item>
        <Item id="tcm:4114-18922-2" title="Settings" itemType="Folder" blueprintStatus="LocalItem" selected="false" exported="true">
          <Item id="tcm:4114-18923-2" title="Core" itemType="Folder" blueprintStatus="LocalItem" selected="false" exported="true">
            <Item id="tcm:4114-18924-2" title="Admin" itemType="Folder" blueprintStatus="LocalItem" selected="false" exported="true">
              <Item id="tcm:4114-27344" title="Environment%20Configuration" extension="xml" itemType="Component" blueprintStatus="LocalItem" selected="false" exported="true" />
            </Item>
            <Item id="tcm:4114-18929-2" title="Site%20Manager" itemType="Folder" blueprintStatus="LocalItem" selected="false" exported="true">
              <Item id="tcm:4114-27378" title="Bootstrap%20Configuration" extension="xml" itemType="Component" blueprintStatus="LocalItem" selected="false" exported="true" />
              <Item id="tcm:4114-27372" title="Core%20Resources" extension="xml" itemType="Component" blueprintStatus="LocalItem" selected="false" exported="true" />
              <Item id="tcm:4114-27374" title="Custom%20Resources" extension="xml" itemType="Component" blueprintStatus="LocalItem" selected="false" exported="true" />
              <Item id="tcm:4114-27377" title="Favicon" extension="ico" itemType="Component" subtype="1" blueprintStatus="LocalItem" selected="false" exported="true" />
              <Item id="tcm:4114-27380" title="HTML%20Design%20Configuration" extension="xml" itemType="Component" blueprintStatus="LocalItem" selected="false" exported="true" />
              <Item id="tcm:4114-27370" title="Localization%20Configuration" extension="xml" itemType="Component" blueprintStatus="LocalItem" selected="false" exported="true" />
              <Item id="tcm:4114-27369" title="Site%20Configuration" extension="xml" itemType="Component" blueprintStatus="LocalItem" selected="false" exported="true" />
            </Item>
          </Item>
        </Item>
        <Item id="2a4d51eb421d4af78e47c990674071bd" title="Default%20Multimedia%20Schema" extension="xsd" itemType="Schema" selected="false" exported="false" />
      </Item>
      <Item id="8d89f3749221458b9eac6d371e606cca" title="Task%20Process" extension="tpd" itemType="ProcessDefinition" selected="false" exported="false" />
    </Item>
    <Item id="tcm:0-28-65544" title="Favicon" extension="tmt" itemType="MultimediaType" selected="false" exported="true" />
    <Item id="tcm:0-27-65544" title="Zip%20file" extension="tmt" itemType="MultimediaType" selected="false" exported="true" />
  </Item>
</Index>