<Mappings xmlns="http://www.sdltridion.com/ContentManager/ImportExport/Package/2013">
  <ItemSet role="Publication">
    <Mapping exportTitle="000%20Empty" importTitle="" />
    <Mapping exportTitle="100%20Master" importTitle="" />
  </ItemSet>
  <ItemSet role="Folder">
    <Mapping exportContext="/000%20Empty" exportTitle="Building%20Blocks" importContext="" importTitle="" />
    <Mapping exportContext="/000%20Empty/Building%20Blocks" exportTitle="Default%20Templates" importContext="" importTitle="" />
    <Mapping exportContext="/100%20Master" exportTitle="Building%20Blocks" importContext="" importTitle="" />
    <Mapping exportContext="/100%20Master/Building%20Blocks" exportTitle="Default%20Templates" importContext="" importTitle="" />
    <Mapping exportContext="/100%20Master/Building%20Blocks/Default%20Templates" exportTitle="SmartTarget" importContext="" importTitle="" />
    <Mapping exportContext="/100%20Master/Building%20Blocks" exportTitle="Modules" importContext="" importTitle="" />
    <Mapping exportContext="/100%20Master/Building%20Blocks/Modules" exportTitle="Core" importContext="" importTitle="" />
    <Mapping exportContext="/100%20Master/Building%20Blocks/Modules/Core" exportTitle="Admin" importContext="" importTitle="" />
    <Mapping exportContext="/100%20Master/Building%20Blocks/Modules/Core/Admin" exportTitle="Schemas" importContext="" importTitle="" />
    <Mapping exportContext="/100%20Master/Building%20Blocks/Modules/Core" exportTitle="Developer" importContext="" importTitle="" />
    <Mapping exportContext="/100%20Master/Building%20Blocks/Modules/Core/Developer" exportTitle="Core%20Template%20Building%20Blocks" importContext="" importTitle="" />
    <Mapping exportContext="/100%20Master/Building%20Blocks/Modules/Core/Developer" exportTitle="Schemas" importContext="" importTitle="" />
    <Mapping exportContext="/100%20Master/Building%20Blocks/Modules/Core/Developer/Schemas" exportTitle="Metadata" importContext="" importTitle="" />
    <Mapping exportContext="/100%20Master/Building%20Blocks/Modules/Core" exportTitle="Editor" importContext="" importTitle="" />
    <Mapping exportContext="/100%20Master/Building%20Blocks/Modules/Core/Editor" exportTitle="Schemas" importContext="" importTitle="" />
    <Mapping exportContext="/100%20Master/Building%20Blocks/Modules/Core/Editor/Schemas" exportTitle="Embedded" importContext="" importTitle="" />
    <Mapping exportContext="/100%20Master/Building%20Blocks/Modules/Core" exportTitle="Site%20Manager" importContext="" importTitle="" />
    <Mapping exportContext="/100%20Master/Building%20Blocks/Modules/Core/Site%20Manager" exportTitle="Schemas" importContext="" importTitle="" />
    <Mapping exportContext="/100%20Master/Building%20Blocks/Modules/Core/Site%20Manager/Schemas" exportTitle="Metadata" importContext="" importTitle="" />
    <Mapping exportContext="/100%20Master/Building%20Blocks/Modules" exportTitle="SmartTarget" importContext="" importTitle="" />
    <Mapping exportContext="/100%20Master/Building%20Blocks/Modules/SmartTarget" exportTitle="Admin" importContext="" importTitle="" />
    <Mapping exportContext="/100%20Master/Building%20Blocks/Modules/SmartTarget" exportTitle="Editor" importContext="" importTitle="" />
    <Mapping exportContext="/100%20Master/Building%20Blocks/Modules/SmartTarget/Editor" exportTitle="Schemas" importContext="" importTitle="" />
    <Mapping exportContext="/100%20Master/Building%20Blocks/Modules/SmartTarget/Editor/Schemas" exportTitle="Embedded" importContext="" importTitle="" />
    <Mapping exportContext="/100%20Master/Building%20Blocks/Modules/SmartTarget/Editor/Schemas" exportTitle="Metadata" importContext="" importTitle="" />
    <Mapping exportContext="/100%20Master/Building%20Blocks/Modules/SmartTarget/Editor" exportTitle="Templates" importContext="" importTitle="" />
    <Mapping exportContext="/100%20Master/Building%20Blocks" exportTitle="Settings" importContext="" importTitle="" />
    <Mapping exportContext="/100%20Master/Building%20Blocks/Settings" exportTitle="Core" importContext="" importTitle="" />
    <Mapping exportContext="/100%20Master/Building%20Blocks/Settings/Core" exportTitle="Admin" importContext="" importTitle="" />
    <Mapping exportContext="/100%20Master/Building%20Blocks/Settings/Core" exportTitle="Site%20Manager" importContext="" importTitle="" />
  </ItemSet>
  <ItemSet role="Schema">
    <Mapping exportContext="/000%20Empty/Building%20Blocks" exportTitle="Default%20Multimedia%20Schema.xsd" importContext="" importTitle="" />
    <Mapping exportContext="/100%20Master/Building%20Blocks" exportTitle="Default%20Multimedia%20Schema.xsd" importContext="" importTitle="" />
    <Mapping exportContext="/100%20Master/Building%20Blocks/Modules/Core/Admin/Schemas" exportTitle="Module%20Configuration.xsd" importContext="" importTitle="" />
    <Mapping exportContext="/100%20Master/Building%20Blocks/Modules/Core/Developer/Schemas/Metadata" exportTitle="Component%20Template%20Metadata.xsd" importContext="" importTitle="" />
    <Mapping exportContext="/100%20Master/Building%20Blocks/Modules/Core/Developer/Schemas" exportTitle="ZIP%20file.xsd" importContext="" importTitle="" />
    <Mapping exportContext="/100%20Master/Building%20Blocks/Modules/Core/Editor/Schemas/Embedded" exportTitle="Link.xsd" importContext="" importTitle="" />
    <Mapping exportContext="/100%20Master/Building%20Blocks/Modules/Core/Site%20Manager/Schemas" exportTitle="Bootstrap%20Configuration.xsd" importContext="" importTitle="" />
    <Mapping exportContext="/100%20Master/Building%20Blocks/Modules/Core/Site%20Manager/Schemas" exportTitle="Favicon.xsd" importContext="" importTitle="" />
    <Mapping exportContext="/100%20Master/Building%20Blocks/Modules/Core/Site%20Manager/Schemas" exportTitle="General%20Configuration.xsd" importContext="" importTitle="" />
    <Mapping exportContext="/100%20Master/Building%20Blocks/Modules/Core/Site%20Manager/Schemas" exportTitle="HTML%20Design%20Configuration.xsd" importContext="" importTitle="" />
    <Mapping exportContext="/100%20Master/Building%20Blocks/Modules/Core/Site%20Manager/Schemas/Metadata" exportTitle="Publication%20Metadata.xsd" importContext="" importTitle="" />
    <Mapping exportContext="/100%20Master/Building%20Blocks/Modules/Core/Site%20Manager/Schemas" exportTitle="Resources%20-%20Core.xsd" importContext="" importTitle="" />
    <Mapping exportContext="/100%20Master/Building%20Blocks/Modules/Core/Site%20Manager/Schemas" exportTitle="Resources%20-%20Custom.xsd" importContext="" importTitle="" />
    <Mapping exportContext="/100%20Master/Building%20Blocks/Modules/SmartTarget/Editor/Schemas/Embedded" exportTitle="SmartTarget%20Region%20Metadata.xsd" importContext="" importTitle="" />
    <Mapping exportContext="/100%20Master/Building%20Blocks/Modules/SmartTarget/Editor/Schemas/Metadata" exportTitle="SmartTarget%20Page%20Template%20Metadata.xsd" importContext="" importTitle="" />
    <Mapping exportContext="/100%20Master/Building%20Blocks/Modules/SmartTarget/Editor/Schemas" exportTitle="Promo%20Banner.xsd" importContext="" importTitle="" />
  </ItemSet>
  <ItemSet role="Component">
    <Mapping exportContext="/100%20Master/Building%20Blocks/Modules/Core/Admin" exportTitle="Build%20Files.zip" importContext="" importTitle="" />
    <Mapping exportContext="/100%20Master/Building%20Blocks/Modules/Core/Admin" exportTitle="Core.xml" importContext="" importTitle="" />
    <Mapping exportContext="/100%20Master/Building%20Blocks/Modules/Core/Admin" exportTitle="HTML%20Design.zip" importContext="" importTitle="" />
    <Mapping exportContext="/100%20Master/Building%20Blocks/Modules/SmartTarget/Admin" exportTitle="SmartTarget.xml" importContext="" importTitle="" />
    <Mapping exportContext="/100%20Master/Building%20Blocks/Settings/Core/Admin" exportTitle="Environment%20Configuration.xml" importContext="" importTitle="" />
    <Mapping exportContext="/100%20Master/Building%20Blocks/Settings/Core/Site%20Manager" exportTitle="Bootstrap%20Configuration.xml" importContext="" importTitle="" />
    <Mapping exportContext="/100%20Master/Building%20Blocks/Settings/Core/Site%20Manager" exportTitle="Core%20Resources.xml" importContext="" importTitle="" />
    <Mapping exportContext="/100%20Master/Building%20Blocks/Settings/Core/Site%20Manager" exportTitle="Custom%20Resources.xml" importContext="" importTitle="" />
    <Mapping exportContext="/100%20Master/Building%20Blocks/Settings/Core/Site%20Manager" exportTitle="Favicon.ico" importContext="" importTitle="" />
    <Mapping exportContext="/100%20Master/Building%20Blocks/Settings/Core/Site%20Manager" exportTitle="HTML%20Design%20Configuration.xml" importContext="" importTitle="" />
    <Mapping exportContext="/100%20Master/Building%20Blocks/Settings/Core/Site%20Manager" exportTitle="Localization%20Configuration.xml" importContext="" importTitle="" />
    <Mapping exportContext="/100%20Master/Building%20Blocks/Settings/Core/Site%20Manager" exportTitle="Site%20Configuration.xml" importContext="" importTitle="" />
  </ItemSet>
  <ItemSet role="ComponentTemplate">
    <Mapping exportContext="/000%20Empty/Building%20Blocks/Default%20Templates" exportTitle="Default%20Component%20Template.tctcmp" importContext="" importTitle="" />
    <Mapping exportContext="/100%20Master/Building%20Blocks/Default%20Templates" exportTitle="Default%20Component%20Template.tctcmp" importContext="" importTitle="" />
    <Mapping exportContext="/100%20Master/Building%20Blocks/Modules/SmartTarget/Editor/Templates" exportTitle="Promo%20Banner%20%5BHero%5D.tctcmp" importContext="" importTitle="" />
  </ItemSet>
  <ItemSet role="PageTemplate">
    <Mapping exportContext="/000%20Empty/Building%20Blocks/Default%20Templates" exportTitle="Default%20Page%20Template.tptcmp" importContext="" importTitle="" />
    <Mapping exportContext="/100%20Master/Building%20Blocks/Default%20Templates" exportTitle="Default%20Page%20Template.tptcmp" importContext="" importTitle="" />
    <Mapping exportContext="/100%20Master/Building%20Blocks/Modules/SmartTarget/Editor/Templates" exportTitle="SmartTarget%20Home%20Page.tptcmp" importContext="" importTitle="" />
  </ItemSet>
  <ItemSet role="TemplateBuildingBlock">
    <Mapping exportContext="/000%20Empty/Building%20Blocks/Default%20Templates" exportTitle="Default%20Dreamweaver%20Page%20Design.dwt" importContext="" importTitle="" />
    <Mapping exportContext="/100%20Master/Building%20Blocks/Default%20Templates" exportTitle="Default%20Dreamweaver%20Page%20Design.dwt" importContext="" importTitle="" />
    <Mapping exportContext="/100%20Master/Building%20Blocks/Default%20Templates/SmartTarget" exportTitle="Add%20to%20SmartTarget.tbbcs" importContext="" importTitle="" />
    <Mapping exportContext="/100%20Master/Building%20Blocks/Modules/Core/Developer/Core%20Template%20Building%20Blocks" exportTitle="Default%20Component%20Template%20Finish%20Actions.tbbcmp" importContext="" importTitle="" />
    <Mapping exportContext="/100%20Master/Building%20Blocks/Modules/Core/Developer/Core%20Template%20Building%20Blocks" exportTitle="Default%20Page%20Template%20Finish%20Actions.tbbcmp" importContext="" importTitle="" />
    <Mapping exportContext="/100%20Master/Building%20Blocks/Modules/Core/Developer/Core%20Template%20Building%20Blocks" exportTitle="Render%20Component%20Content.tbbcmp" importContext="" importTitle="" />
    <Mapping exportContext="/100%20Master/Building%20Blocks/Modules/Core/Developer/Core%20Template%20Building%20Blocks" exportTitle="Render%20Page%20Content.tbbcmp" importContext="" importTitle="" />
  </ItemSet>
  <ItemSet role="MultimediaType">
    <Mapping exportTitle="Favicon.tmt" importTitle="" />
    <Mapping exportTitle="Zip%20file.tmt" importTitle="" />
  </ItemSet>
  <ItemSet role="ProcessDefinition">
    <Mapping exportContext="/000%20Empty" exportTitle="Task%20Process.tpd" importContext="" importTitle="" />
    <Mapping exportContext="/100%20Master" exportTitle="Task%20Process.tpd" importContext="" importTitle="" />
  </ItemSet>
</Mappings>