<PackageItem xmlns:tcm="http://www.tridion.com/ContentManager/5.0" xmlns:xlink="http://www.w3.org/1999/xlink" xmlns="http://www.sdltridion.com/ContentManager/ImportExport/Package/2013">
  <BinaryFileLocation>Binaries\30-975.png</BinaryFileLocation>
  <Data>
    <tcm:Data>
      <tcm:Title>dxa</tcm:Title>
      <tcm:Type>Multimedia</tcm:Type>
      <tcm:Schema xlink:type="simple" xlink:title="Default Multimedia Schema" xlink:href="/webdav/110%20DXA%20Site%20Type/Building%20Blocks/Default%20Multimedia%20Schema.xsd" IsMandatory="false" />
      <tcm:Content />
      <tcm:Metadata />
      <tcm:IsBasedOnTridionWebSchema>true</tcm:IsBasedOnTridionWebSchema>
      <tcm:MultimediaType xlink:type="simple" xlink:title="Png image" xlink:href="tcm:0-3-65544" />
      <tcm:MultimediaFilename>dxa.png</tcm:MultimediaFilename>
      <tcm:MultimediaFileSize>62205</tcm:MultimediaFileSize>
      <tcm:IsExternalMultimediaFile>false</tcm:IsExternalMultimediaFile>
    </tcm:Data>
  </Data>
  <Dependencies>
    <Dependency dependencyType="Publication" itemUrl="/webdav/110%20DXA%20Site%20Type" linkName="LocationInfo/ContextRepository" />
    <Dependency dependencyType="OrganizationalItemFolder" itemUrl="/webdav/110%20DXA%20Site%20Type/Building%20Blocks/Settings/SiteFactory/Site%20Manager/Thumbnails" linkName="LocationInfo/OrganizationalItem" />
    <Dependency dependencyType="MultimediaType" itemUrl="/webdav//Png%20image.tmt" linkName="BinaryContent/MultimediaType" />
    <Dependency dependencyType="Schema" itemUrl="/webdav/110%20DXA%20Site%20Type/Building%20Blocks/Default%20Multimedia%20Schema.xsd" linkName="Schema" />
  </Dependencies>
</PackageItem>