<Index dataContractVersion="201501" xmlns="http://www.sdltridion.com/ContentManager/ImportExport/Package/2013">
  <Item id="tcm:0-0-0" selected="false" exported="true">
    <ApplicationIds>
      <ApplicationId>http://www.sdl.com/tridion/SemanticMapping/vocabularies</ApplicationId>
    </ApplicationIds>
    <Item id="tcm:0-28-1" title="000%20Empty" itemType="Publication" selected="false" exported="true">
      <Item id="tcm:28-98-2" title="Building%20Blocks" itemType="Folder" blueprintStatus="LocalItem" selected="true" exported="true">
        <Item id="09be299379824f56a0b7a8ba5874fc83" title="Default%20Templates" itemType="Folder" selected="false" exported="false">
          <Item id="167d2dac14bd438f9ab34e772d99e62f" title="Default%20Component%20Template" extension="tctcmp" itemType="ComponentTemplate" selected="false" exported="false" />
          <Item id="03d227c815f14ff7b402da14a16a0d77" title="Default%20Dreamweaver%20Page%20Design" extension="dwt" itemType="TemplateBuildingBlock" selected="false" exported="false" />
          <Item id="8a04d0d9264b4b7183e0d63af19420fd" title="Default%20Page%20Template" extension="tptcmp" itemType="PageTemplate" selected="false" exported="false" />
        </Item>
        <Item id="f7f3bff538504ef49fa8a7480c5f036f" title="Default%20Multimedia%20Schema" extension="xsd" itemType="Schema" selected="false" exported="false" />
      </Item>
      <Item id="c094c985cd374875a60cb81027cc4c50" title="Task%20Process" extension="tpd" itemType="ProcessDefinition" selected="false" exported="false" />
    </Item>
    <Item id="tcm:0-29-1" title="100%20Master" itemType="Publication" selected="true" exported="true">
      <Item id="tcm:29-98-2" title="Building%20Blocks" itemType="Folder" blueprintStatus="SharedItem" selected="true" exported="true">
        <Item id="af5f37ff87f644a7aee28f085304162b" title="Default%20Templates" itemType="Folder" selected="false" exported="false">
          <Item id="4bb4f1b092cc476f9ba3089cafb7b3b6" title="Default%20Component%20Template" extension="tctcmp" itemType="ComponentTemplate" selected="false" exported="false" />
          <Item id="eef901f3c10e4788bd835888aaf23985" title="Default%20Dreamweaver%20Page%20Design" extension="dwt" itemType="TemplateBuildingBlock" selected="false" exported="false" />
          <Item id="b655f71fa0f7475dadc4d30c36699d74" title="Default%20Page%20Template" extension="tptcmp" itemType="PageTemplate" selected="false" exported="false" />
        </Item>
        <Item id="tcm:29-102-2" title="Modules" itemType="Folder" blueprintStatus="LocalItem" selected="true" exported="true">
          <Item id="bf6f1cffa3344222baa668bdbb0f64e3" title="Core" itemType="Folder" selected="false" exported="false">
            <Item id="fd407727861b4bc5a8785b14a9bfe160" title="Developer" itemType="Folder" selected="false" exported="false">
              <Item id="6cfc1535de0d407f95b20d96851aa8ea" title="Core%20Template%20Building%20Blocks" itemType="Folder" selected="false" exported="false">
                <Item id="9f52b10cacbc4fbc88935297fb2156f3" title="Default%20Component%20Template%20Finish%20Actions" extension="tbbcmp" itemType="TemplateBuildingBlock" selected="false" exported="false" />
                <Item id="ea511f16b81a4d5683e4c6a1ceaf901e" title="Render%20Component%20Content" extension="tbbcmp" itemType="TemplateBuildingBlock" selected="false" exported="false" />
              </Item>
              <Item id="6e6915722d0d40a396054fbde6ff3f7e" title="Schemas" itemType="Folder" selected="false" exported="false">
                <Item id="4b189cb000ae48d7b1cf69a471a9b298" title="Metadata" itemType="Folder" selected="false" exported="false">
                  <Item id="a45af07dd0cd46259c93d80f1dda573d" title="Component%20Template%20Metadata" extension="xsd" itemType="Schema" selected="false" exported="false" />
                </Item>
              </Item>
            </Item>
            <Item id="1ddc8ad65d7d43daa74b50c1894eb822" title="Editor" itemType="Folder" selected="false" exported="false">
              <Item id="9cd800ad180d4428b5cf886641fa43ca" title="Schemas" itemType="Folder" selected="false" exported="false">
                <Item id="cb2690c329274a4591dbacde589d5d54" title="Article" extension="xsd" itemType="Schema" selected="false" exported="false" />
                <Item id="c500266c1e694baea636ec175fc8d920" title="Content%20Query" extension="xsd" itemType="Schema" selected="false" exported="false" />
                <Item id="5b83a3ffde6f4b8ea5dd74f7175f7041" title="Item%20List" extension="xsd" itemType="Schema" selected="false" exported="false" />
                <Item id="9c53f5923d284f16b7d476e055ce82e1" title="Link%20List" extension="xsd" itemType="Schema" selected="false" exported="false" />
                <Item id="345be1a038f843cba3de2a335310ad9e" title="News%20Article" extension="xsd" itemType="Schema" selected="false" exported="false" />
                <Item id="0aa318e8d9d04f78b381323615c3eb67" title="Place" extension="xsd" itemType="Schema" selected="false" exported="false" />
                <Item id="d37e127cc6a540c2b5a064dba4506468" title="Teaser" extension="xsd" itemType="Schema" selected="false" exported="false" />
                <Item id="cd355b655a4a4afdb39dc635fa82836f" title="YouTube%20Video" extension="xsd" itemType="Schema" selected="false" exported="false" />
              </Item>
            </Item>
            <Item id="b0c0c44838ba44459dcc44f194cd2dde" title="Site%20Manager" itemType="Folder" selected="false" exported="false">
              <Item id="5dab98737c874c91bcc4e2ea9ccb2be7" title="Schemas" itemType="Folder" selected="false" exported="false">
                <Item id="29de775e14424e3c86665e36bda67cec" title="Metadata" itemType="Folder" selected="false" exported="false">
                  <Item id="59b3e5cbb8ad40a398084a36a8b4aad5" title="Publication%20Metadata" extension="xsd" itemType="Schema" selected="false" exported="false" />
                </Item>
              </Item>
            </Item>
          </Item>
          <Item id="tcm:29-7259-2" title="FlexLayout" itemType="Folder" blueprintStatus="LocalItem" selected="true" exported="true">
            <Item id="tcm:29-7260-2" title="Schemas" itemType="Folder" blueprintStatus="LocalItem" selected="true" exported="true">
              <Item id="tcm:29-11167-8" title="Carousel%20Container" extension="xsd" itemType="Schema" blueprintStatus="LocalItem" selected="true" exported="true" />
              <Item id="tcm:29-9126-8" title="Column%20Layout%20Container" extension="xsd" itemType="Schema" blueprintStatus="LocalItem" selected="true" exported="true" />
              <Item id="tcm:29-10178-8" title="Layout%20Container" extension="xsd" itemType="Schema" blueprintStatus="LocalItem" selected="true" exported="true" />
            </Item>
            <Item id="tcm:29-7263-2" title="Templates" itemType="Folder" blueprintStatus="LocalItem" selected="true" exported="true">
              <Item id="tcm:29-7264-2" title="Container%20Items" itemType="Folder" blueprintStatus="LocalItem" selected="true" exported="true">
                <Item id="tcm:29-10181-32" title="Article%20%3CLayout%3E" extension="tctcmp" itemType="ComponentTemplate" blueprintStatus="LocalItem" selected="true" exported="true" />
                <Item id="tcm:29-9130-32" title="List%20%3CLayout%3E" extension="tctcmp" itemType="ComponentTemplate" blueprintStatus="LocalItem" selected="true" exported="true" />
                <Item id="tcm:29-11163-32" title="Teaser%20%3CCarousel%3E" extension="tctcmp" itemType="ComponentTemplate" blueprintStatus="LocalItem" selected="true" exported="true" />
                <Item id="tcm:29-9131-32" title="Teaser%20%3CLayout%3E" extension="tctcmp" itemType="ComponentTemplate" blueprintStatus="LocalItem" selected="true" exported="true" />
                <Item id="tcm:29-9132-32" title="Teaser%20Map%20%3CLayout%3E" extension="tctcmp" itemType="ComponentTemplate" blueprintStatus="LocalItem" selected="true" exported="true" />
                <Item id="tcm:29-9134-32" title="YouTube%20Video%20%3CLayout%3E" extension="tctcmp" itemType="ComponentTemplate" blueprintStatus="LocalItem" selected="true" exported="true" />
              </Item>
              <Item id="tcm:29-7265-2" title="Containers" itemType="Folder" blueprintStatus="LocalItem" selected="true" exported="true">
                <Item id="tcm:29-11165-32" title="Accordion%20Container" extension="tctcmp" itemType="ComponentTemplate" blueprintStatus="LocalItem" selected="true" exported="true" />
                <Item id="tcm:29-11161-32" title="Carousel%20Container" extension="tctcmp" itemType="ComponentTemplate" blueprintStatus="LocalItem" selected="true" exported="true" />
                <Item id="tcm:29-9136-32" title="Column%20Layout%20Container" extension="tctcmp" itemType="ComponentTemplate" blueprintStatus="LocalItem" selected="true" exported="true" />
                <Item id="tcm:29-10177-32" title="Tab%20Container" extension="tctcmp" itemType="ComponentTemplate" blueprintStatus="LocalItem" selected="true" exported="true" />
              </Item>
            </Item>
          </Item>
        </Item>
        <Item id="tcm:29-120-2" title="Settings" itemType="Folder" blueprintStatus="LocalItem" selected="false" exported="true">
          <Item id="tcm:29-179-2" title="SiteFactory" itemType="Folder" blueprintStatus="LocalItem" selected="false" exported="true">
            <Item id="tcm:29-180-2" title="Site%20Manager" itemType="Folder" blueprintStatus="LocalItem" selected="false" exported="true">
              <Item id="tcm:29-183-2" title="Thumbnails" itemType="Folder" blueprintStatus="LocalItem" selected="false" exported="true" />
            </Item>
          </Item>
        </Item>
        <Item id="ae60245bedc3439089545961c595d216" title="Default%20Multimedia%20Schema" extension="xsd" itemType="Schema" selected="false" exported="false" />
      </Item>
      <Item id="a2560f46c2694de19fc1a750aa6c2706" title="Task%20Process" extension="tpd" itemType="ProcessDefinition" selected="false" exported="false" />
    </Item>
    <Item id="tcm:0-30-1" title="110%20DXA%20Site%20Type" itemType="Publication" selected="true" exported="true">
      <ApplicationIds>
        <ApplicationId>SiteEdit</ApplicationId>
      </ApplicationIds>
      <Item id="tcm:30-98-2" title="Building%20Blocks" itemType="Folder" blueprintStatus="SharedItem" selected="true" exported="true">
        <Item id="tcm:30-133-2" title="Content" itemType="Folder" blueprintStatus="LocalizedItem" selected="true" exported="true">
          <Item id="69ef1e7bfa034a25a545a7add4c80bb9" title="Articles" itemType="Folder" selected="false" exported="false" />
          <Item id="a2a82649081c4b6eaeb16bee8b203d99" title="E-Commerce" itemType="Folder" selected="false" exported="false">
            <Item id="3633c39e95514d4d93010aee0054cf25" title="Detail" itemType="Folder" selected="false" exported="false" />
            <Item id="9eb750e86cc44e6dbb9616efbd70fd28" title="Widgets" itemType="Folder" selected="false" exported="false" />
          </Item>
          <Item id="dd9e1716584d4b6791cbf20824e8015d" title="Foms" itemType="Folder" selected="false" exported="false" />
          <Item id="1bac148383f74690bed70c5d83d3c29c" title="Images" itemType="Folder" selected="false" exported="false" />
          <Item id="9c133c5098dd4195affd774e721729e0" title="Toolbox" itemType="Folder" selected="false" exported="false">
            <Item id="5ce2758c39cb41d4b2e0a11ac6888e2c" title="XPM" itemType="Folder" selected="false" exported="false" />
          </Item>
          <Item id="fe9819846c7549169776db01d6b5bd13" title="Video" itemType="Folder" selected="false" exported="false" />
          <Item id="tcm:30-144-2" title="_Cloneable%20Content" itemType="Folder" blueprintStatus="LocalItem" selected="true" exported="true">
            <Item id="tcm:30-9176" title="2-Column%20Layout" extension="xml" itemType="Component" blueprintStatus="LocalItem" selected="true" exported="true" />
            <Item id="tcm:30-9177" title="3-Column%20Layout" extension="xml" itemType="Component" blueprintStatus="LocalItem" selected="true" exported="true" />
            <Item id="tcm:30-9178" title="4-Column%20Layout" extension="xml" itemType="Component" blueprintStatus="LocalItem" selected="true" exported="true" />
            <Item id="tcm:30-11170" title="Accordion%20Container" extension="xml" itemType="Component" blueprintStatus="LocalItem" selected="true" exported="true" />
            <Item id="e652fe04a8a94d7c8eff572cd25b5b43" title="Article" extension="xml" itemType="Component" selected="false" exported="false" />
            <Item id="tcm:30-11171" title="Carousel%20Container" extension="xml" itemType="Component" blueprintStatus="LocalItem" selected="true" exported="true" />
            <Item id="aebc230d8c384804932bf608e7f9a9c2" title="Content%20List" extension="xml" itemType="Component" selected="false" exported="false" />
            <Item id="ee099548c8164ef7ae469b53bf434cce" title="Content%20Query" extension="xml" itemType="Component" selected="false" exported="false" />
            <Item id="be4252c4335c444f8f922f840ed4a41c" title="E-Commerce%20Navigation%20Section" extension="xml" itemType="Component" selected="false" exported="false" />
            <Item id="634613ab7ab34f1a87c21c9b0395efd9" title="E-Commerce%20Product%20Detail" extension="xml" itemType="Component" selected="false" exported="false" />
            <Item id="945093c65ae844028724f09ab984461f" title="E-Commerce%20Promotions%20Widget" extension="xml" itemType="Component" selected="false" exported="false" />
            <Item id="aaeec5db6c8a4e13bf7c84845a1c34fc" title="Form" extension="xml" itemType="Component" selected="false" exported="false" />
            <Item id="56dca62d2028446396afb2e640c0af68" title="Image%20List" extension="xml" itemType="Component" selected="false" exported="false" />
            <Item id="2671389fbacf4317ba7ce1e86d27dab1" title="Large%20Image" extension="jpg" itemType="Component" selected="false" exported="false" />
            <Item id="089692dca97b48f482eb7ba5a2c17035" title="News%20Article" extension="xml" itemType="Component" selected="false" exported="false" />
            <Item id="d121c76a65314dff80b5ac508d11a236" title="Place" extension="xml" itemType="Component" selected="false" exported="false" />
            <Item id="tcm:30-11169" title="Tab%20Container" extension="xml" itemType="Component" blueprintStatus="LocalItem" selected="true" exported="true" />
            <Item id="5e27d90b4f6e4bd0b50f5239a6ca6274" title="YouTube%20Video" extension="jpg" itemType="Component" selected="false" exported="false" />
          </Item>
        </Item>
        <Item id="db4332e184c74ad0993304eb1875e057" title="Default%20Templates" itemType="Folder" selected="false" exported="false">
          <Item id="df385d4404814fbe9fdc8cce48c6a546" title="Default%20Component%20Template" extension="tctcmp" itemType="ComponentTemplate" selected="false" exported="false" />
          <Item id="1a956de2c6a74b428ee662063eab7cf7" title="Default%20Dreamweaver%20Page%20Design" extension="dwt" itemType="TemplateBuildingBlock" selected="false" exported="false" />
        </Item>
        <Item id="ebbb4ef410704db2ba704bc8f2a4c196" title="Modules" itemType="Folder" selected="false" exported="false">
          <Item id="0c6c9e49c9bb409ba96bc9580b957d8e" title="Core" itemType="Folder" selected="false" exported="false">
            <Item id="a9d919c65849413fb32bc99ed7a7450e" title="Editor" itemType="Folder" selected="false" exported="false">
              <Item id="b5af3f05f85646a18dbb8fb83c52a997" title="Templates" itemType="Folder" selected="false" exported="false">
                <Item id="70422bee10d047b6b51605f10085b02a" title="Accordion" extension="tctcmp" itemType="ComponentTemplate" selected="false" exported="false" />
                <Item id="3c9acf029291407dbcd3f4126b30aaf9" title="Article" extension="tctcmp" itemType="ComponentTemplate" selected="false" exported="false" />
                <Item id="dc871e82c04947f48d93cfd0cce7cf9e" title="Content%20Page%20Without%20Navigation" extension="tptcmp" itemType="PageTemplate" selected="false" exported="false" />
                <Item id="3936d18dff124bdf841ecb1aadacbc93" title="Content%20Page" extension="tptcmp" itemType="PageTemplate" selected="false" exported="false" />
                <Item id="4e960759d5e14ffc9f3d253e2b1f5053" title="Download" extension="tctcmp" itemType="ComponentTemplate" selected="false" exported="false" />
                <Item id="dcc48b854c544fd7b29054865972484c" title="Home%20Page" extension="tptcmp" itemType="PageTemplate" selected="false" exported="false" />
                <Item id="2cdda9e89e1f495b9e0624f6330c1718" title="Paged%20List" extension="tctcmp" itemType="ComponentTemplate" selected="false" exported="false" />
                <Item id="bc6511e391514bb5bdc3850cc1e244e8" title="Place" extension="tctcmp" itemType="ComponentTemplate" selected="false" exported="false" />
                <Item id="cb70c1bf04a444f298ff4fc5f12daf4e" title="Redirect%20Page" extension="tptcmp" itemType="PageTemplate" selected="false" exported="false" />
                <Item id="319a043caa0841dcb130d0b1acf14bba" title="Section%20Page" extension="tptcmp" itemType="PageTemplate" selected="false" exported="false" />
                <Item id="503c0889ce2f40aca987c0c27e7a3647" title="Thumbnail%20List" extension="tctcmp" itemType="ComponentTemplate" selected="false" exported="false" />
                <Item id="0fb7c2673d2f4ae58e16e1cb265e6c41" title="YouTube%20Video" extension="tctcmp" itemType="ComponentTemplate" selected="false" exported="false" />
              </Item>
            </Item>
            <Item id="5d60cad6e46d48d48a3fc9a28b7ea4c0" title="Site%20Manager" itemType="Folder" selected="false" exported="false">
              <Item id="bb601957df0f4876b6cdb310a92c42e3" title="Templates" itemType="Folder" selected="false" exported="false">
                <Item id="658d927308df48339c4a119d60c845e3" title="Include%20Page" extension="tptcmp" itemType="PageTemplate" selected="false" exported="false" />
              </Item>
            </Item>
          </Item>
          <Item id="1bc7efe6fee0495eb50886f1722ed8e8" title="E-Commerce" itemType="Folder" selected="false" exported="false">
            <Item id="86bdd8a50a874f488acbd10a2efce6cc" title="Editor" itemType="Folder" selected="false" exported="false">
              <Item id="5e91bb2ee85f42539b0052221170fcaf" title="Templates" itemType="Folder" selected="false" exported="false">
                <Item id="1cd6dfbe060c491ca24c814b212a426d" title="Facets%20Widget%20%5BMegaNavigation%5D" extension="tctcmp" itemType="ComponentTemplate" selected="false" exported="false" />
                <Item id="96de784ffffb4c3ea8c847c91a3ba31b" title="Product%20Detail%20Widget" extension="tctcmp" itemType="ComponentTemplate" selected="false" exported="false" />
                <Item id="848078fc54a5469d8241588c336eb04f" title="Promotions%20Widget" extension="tctcmp" itemType="ComponentTemplate" selected="false" exported="false" />
              </Item>
            </Item>
            <Item id="309f9f10190847d7891587a78a899b0f" title="Site%20Manager" itemType="Folder" selected="false" exported="false">
              <Item id="0a9a7e91082c4e86bd44df4360e1880a" title="Default%20Widgets" itemType="Folder" selected="false" exported="false">
                <Item id="ee9a850a15824beeabe3c0868df2a7a6" title="Product%20Detail" extension="xml" itemType="Component" selected="false" exported="false" />
              </Item>
            </Item>
          </Item>
          <Item id="4b697dcdae62457b8d1003c7e149fcd3" title="FlexLayout" itemType="Folder" selected="false" exported="false">
            <Item id="801133fdf3ad40ffbf33ae9898ed3dcf" title="Schemas" itemType="Folder" selected="false" exported="false">
              <Item id="ca804413e00c46f585d524872cf4877c" title="Carousel%20Container" extension="xsd" itemType="Schema" selected="false" exported="false" />
              <Item id="b3e4bdc983a64aba96c5933a05fdabd7" title="Column%20Layout%20Container" extension="xsd" itemType="Schema" selected="false" exported="false" />
              <Item id="1cd60e7eb00341afa68677a820bc9675" title="Layout%20Container" extension="xsd" itemType="Schema" selected="false" exported="false" />
            </Item>
            <Item id="b32abbcc2f314c649ec1ed217804cc00" title="Templates" itemType="Folder" selected="false" exported="false">
              <Item id="ae5c4a1427e64570adfbc18fe80a16b0" title="Containers" itemType="Folder" selected="false" exported="false">
                <Item id="39c546a1fb864bf6ad1755bae4a15883" title="Accordion%20Container" extension="tctcmp" itemType="ComponentTemplate" selected="false" exported="false" />
                <Item id="4fdd5bff8cb74328927ed413704e6286" title="Carousel%20Container" extension="tctcmp" itemType="ComponentTemplate" selected="false" exported="false" />
                <Item id="dcc3e4d5561d477faf98a35940af44c4" title="Column%20Layout%20Container" extension="tctcmp" itemType="ComponentTemplate" selected="false" exported="false" />
                <Item id="74ab2db4162f4feeba85fa0ef99d1d71" title="Tab%20Container" extension="tctcmp" itemType="ComponentTemplate" selected="false" exported="false" />
              </Item>
            </Item>
          </Item>
          <Item id="14d899b847fb46569e43c4143c021685" title="Forms" itemType="Folder" selected="false" exported="false">
            <Item id="db4dd0daa5684d47812b2c840058541a" title="Editor" itemType="Folder" selected="false" exported="false">
              <Item id="4d985a717ad2491b9d945af26d50170d" title="Templates" itemType="Folder" selected="false" exported="false">
                <Item id="8065bd89b1494b07b225c0390420a47f" title="Form%20CT" extension="tctcmp" itemType="ComponentTemplate" selected="false" exported="false" />
              </Item>
            </Item>
          </Item>
          <Item id="31489cd956e94f0a85cbe6745d531a22" title="SiteFactory" itemType="Folder" selected="false" exported="false">
            <Item id="ca67aefd53a1492daacb2030cb992575" title="SiteManager" itemType="Folder" selected="false" exported="false">
              <Item id="c3d985d4974b4772915699d568c23b58" title="Schemas" itemType="Folder" selected="false" exported="false">
                <Item id="abb53cae4ec845e9929adb0a8960aae8" title="Site%20Factory%20Publication%20Metadata" extension="xsd" itemType="Schema" selected="false" exported="false" />
              </Item>
            </Item>
          </Item>
        </Item>
        <Item id="3d87070c707243409a76523daf32a3f6" title="Settings" itemType="Folder" selected="false" exported="false">
          <Item id="dcaa3605176843a8a916519bff418c85" title="SiteFactory" itemType="Folder" selected="false" exported="false">
            <Item id="dd4e85b0b4b646599cff3c1a92005648" title="Site%20Manager" itemType="Folder" selected="false" exported="false">
              <Item id="tcm:30-183-2" title="Thumbnails" itemType="Folder" blueprintStatus="SharedItem" selected="false" exported="true">
                <Item id="tcm:30-975" title="dxa" extension="png" itemType="Component" subtype="1" blueprintStatus="LocalItem" selected="false" exported="true" />
              </Item>
            </Item>
          </Item>
        </Item>
        <Item id="6f958552649c4630908587b50f619010" title="Default%20Multimedia%20Schema" extension="xsd" itemType="Schema" selected="false" exported="false" />
      </Item>
      <Item id="c709a04f636c452699fc62cda1e1f0a2" title="DXA%20Development" itemType="BusinessProcessType" selected="false" exported="false" />
      <Item id="ba17ead7bee9408db8e1ffb66f62fd6e" title="Task%20Process" extension="tpd" itemType="ProcessDefinition" selected="false" exported="false" />
    </Item>
    <Item id="tcm:0-3-65544" title="Png%20image" extension="tmt" itemType="MultimediaType" selected="false" exported="true" />
  </Item>
</Index>