<Mappings xmlns="http://www.sdltridion.com/ContentManager/ImportExport/Package/2013">
  <ItemSet role="Publication">
    <Mapping exportTitle="000%20Empty" importTitle="" />
    <Mapping exportTitle="100%20Master" importTitle="" />
    <Mapping exportTitle="110%20DXA%20Site%20Type" importTitle="" />
  </ItemSet>
  <ItemSet role="Folder">
    <Mapping exportContext="/000%20Empty" exportTitle="Building%20Blocks" importContext="" importTitle="" />
    <Mapping exportContext="/000%20Empty/Building%20Blocks" exportTitle="Default%20Templates" importContext="" importTitle="" />
    <Mapping exportContext="/100%20Master" exportTitle="Building%20Blocks" importContext="" importTitle="" />
    <Mapping exportContext="/100%20Master/Building%20Blocks" exportTitle="Default%20Templates" importContext="" importTitle="" />
    <Mapping exportContext="/100%20Master/Building%20Blocks" exportTitle="Modules" importContext="" importTitle="" />
    <Mapping exportContext="/100%20Master/Building%20Blocks/Modules" exportTitle="Core" importContext="" importTitle="" />
    <Mapping exportContext="/100%20Master/Building%20Blocks/Modules/Core" exportTitle="Developer" importContext="" importTitle="" />
    <Mapping exportContext="/100%20Master/Building%20Blocks/Modules/Core/Developer" exportTitle="Core%20Template%20Building%20Blocks" importContext="" importTitle="" />
    <Mapping exportContext="/100%20Master/Building%20Blocks/Modules/Core/Developer" exportTitle="Schemas" importContext="" importTitle="" />
    <Mapping exportContext="/100%20Master/Building%20Blocks/Modules/Core/Developer/Schemas" exportTitle="Metadata" importContext="" importTitle="" />
    <Mapping exportContext="/100%20Master/Building%20Blocks/Modules/Core" exportTitle="Editor" importContext="" importTitle="" />
    <Mapping exportContext="/100%20Master/Building%20Blocks/Modules/Core/Editor" exportTitle="Schemas" importContext="" importTitle="" />
    <Mapping exportContext="/100%20Master/Building%20Blocks/Modules/Core" exportTitle="Site%20Manager" importContext="" importTitle="" />
    <Mapping exportContext="/100%20Master/Building%20Blocks/Modules/Core/Site%20Manager" exportTitle="Schemas" importContext="" importTitle="" />
    <Mapping exportContext="/100%20Master/Building%20Blocks/Modules/Core/Site%20Manager/Schemas" exportTitle="Metadata" importContext="" importTitle="" />
    <Mapping exportContext="/100%20Master/Building%20Blocks/Modules" exportTitle="FlexLayout" importContext="" importTitle="" />
    <Mapping exportContext="/100%20Master/Building%20Blocks/Modules/FlexLayout" exportTitle="Schemas" importContext="" importTitle="" />
    <Mapping exportContext="/100%20Master/Building%20Blocks/Modules/FlexLayout" exportTitle="Templates" importContext="" importTitle="" />
    <Mapping exportContext="/100%20Master/Building%20Blocks/Modules/FlexLayout/Templates" exportTitle="Container%20Items" importContext="" importTitle="" />
    <Mapping exportContext="/100%20Master/Building%20Blocks/Modules/FlexLayout/Templates" exportTitle="Containers" importContext="" importTitle="" />
    <Mapping exportContext="/100%20Master/Building%20Blocks" exportTitle="Settings" importContext="" importTitle="" />
    <Mapping exportContext="/100%20Master/Building%20Blocks/Settings" exportTitle="SiteFactory" importContext="" importTitle="" />
    <Mapping exportContext="/100%20Master/Building%20Blocks/Settings/SiteFactory" exportTitle="Site%20Manager" importContext="" importTitle="" />
    <Mapping exportContext="/100%20Master/Building%20Blocks/Settings/SiteFactory/Site%20Manager" exportTitle="Thumbnails" importContext="" importTitle="" />
    <Mapping exportContext="/110%20DXA%20Site%20Type" exportTitle="Building%20Blocks" importContext="" importTitle="" />
    <Mapping exportContext="/110%20DXA%20Site%20Type/Building%20Blocks" exportTitle="Content" importContext="" importTitle="" />
    <Mapping exportContext="/110%20DXA%20Site%20Type/Building%20Blocks/Content" exportTitle="_Cloneable%20Content" importContext="" importTitle="" />
    <Mapping exportContext="/110%20DXA%20Site%20Type/Building%20Blocks/Content" exportTitle="Articles" importContext="" importTitle="" />
    <Mapping exportContext="/110%20DXA%20Site%20Type/Building%20Blocks/Content" exportTitle="E-Commerce" importContext="" importTitle="" />
    <Mapping exportContext="/110%20DXA%20Site%20Type/Building%20Blocks/Content/E-Commerce" exportTitle="Detail" importContext="" importTitle="" />
    <Mapping exportContext="/110%20DXA%20Site%20Type/Building%20Blocks/Content/E-Commerce" exportTitle="Widgets" importContext="" importTitle="" />
    <Mapping exportContext="/110%20DXA%20Site%20Type/Building%20Blocks/Content" exportTitle="Foms" importContext="" importTitle="" />
    <Mapping exportContext="/110%20DXA%20Site%20Type/Building%20Blocks/Content" exportTitle="Images" importContext="" importTitle="" />
    <Mapping exportContext="/110%20DXA%20Site%20Type/Building%20Blocks/Content" exportTitle="Toolbox" importContext="" importTitle="" />
    <Mapping exportContext="/110%20DXA%20Site%20Type/Building%20Blocks/Content/Toolbox" exportTitle="XPM" importContext="" importTitle="" />
    <Mapping exportContext="/110%20DXA%20Site%20Type/Building%20Blocks/Content" exportTitle="Video" importContext="" importTitle="" />
    <Mapping exportContext="/110%20DXA%20Site%20Type/Building%20Blocks" exportTitle="Default%20Templates" importContext="" importTitle="" />
    <Mapping exportContext="/110%20DXA%20Site%20Type/Building%20Blocks" exportTitle="Modules" importContext="" importTitle="" />
    <Mapping exportContext="/110%20DXA%20Site%20Type/Building%20Blocks/Modules" exportTitle="Core" importContext="" importTitle="" />
    <Mapping exportContext="/110%20DXA%20Site%20Type/Building%20Blocks/Modules/Core" exportTitle="Editor" importContext="" importTitle="" />
    <Mapping exportContext="/110%20DXA%20Site%20Type/Building%20Blocks/Modules/Core/Editor" exportTitle="Templates" importContext="" importTitle="" />
    <Mapping exportContext="/110%20DXA%20Site%20Type/Building%20Blocks/Modules/Core" exportTitle="Site%20Manager" importContext="" importTitle="" />
    <Mapping exportContext="/110%20DXA%20Site%20Type/Building%20Blocks/Modules/Core/Site%20Manager" exportTitle="Templates" importContext="" importTitle="" />
    <Mapping exportContext="/110%20DXA%20Site%20Type/Building%20Blocks/Modules" exportTitle="E-Commerce" importContext="" importTitle="" />
    <Mapping exportContext="/110%20DXA%20Site%20Type/Building%20Blocks/Modules/E-Commerce" exportTitle="Editor" importContext="" importTitle="" />
    <Mapping exportContext="/110%20DXA%20Site%20Type/Building%20Blocks/Modules/E-Commerce/Editor" exportTitle="Templates" importContext="" importTitle="" />
    <Mapping exportContext="/110%20DXA%20Site%20Type/Building%20Blocks/Modules/E-Commerce" exportTitle="Site%20Manager" importContext="" importTitle="" />
    <Mapping exportContext="/110%20DXA%20Site%20Type/Building%20Blocks/Modules/E-Commerce/Site%20Manager" exportTitle="Default%20Widgets" importContext="" importTitle="" />
    <Mapping exportContext="/110%20DXA%20Site%20Type/Building%20Blocks/Modules" exportTitle="FlexLayout" importContext="" importTitle="" />
    <Mapping exportContext="/110%20DXA%20Site%20Type/Building%20Blocks/Modules/FlexLayout" exportTitle="Schemas" importContext="" importTitle="" />
    <Mapping exportContext="/110%20DXA%20Site%20Type/Building%20Blocks/Modules/FlexLayout" exportTitle="Templates" importContext="" importTitle="" />
    <Mapping exportContext="/110%20DXA%20Site%20Type/Building%20Blocks/Modules/FlexLayout/Templates" exportTitle="Containers" importContext="" importTitle="" />
    <Mapping exportContext="/110%20DXA%20Site%20Type/Building%20Blocks/Modules" exportTitle="Forms" importContext="" importTitle="" />
    <Mapping exportContext="/110%20DXA%20Site%20Type/Building%20Blocks/Modules/Forms" exportTitle="Editor" importContext="" importTitle="" />
    <Mapping exportContext="/110%20DXA%20Site%20Type/Building%20Blocks/Modules/Forms/Editor" exportTitle="Templates" importContext="" importTitle="" />
    <Mapping exportContext="/110%20DXA%20Site%20Type/Building%20Blocks/Modules" exportTitle="SiteFactory" importContext="" importTitle="" />
    <Mapping exportContext="/110%20DXA%20Site%20Type/Building%20Blocks/Modules/SiteFactory" exportTitle="SiteManager" importContext="" importTitle="" />
    <Mapping exportContext="/110%20DXA%20Site%20Type/Building%20Blocks/Modules/SiteFactory/SiteManager" exportTitle="Schemas" importContext="" importTitle="" />
    <Mapping exportContext="/110%20DXA%20Site%20Type/Building%20Blocks" exportTitle="Settings" importContext="" importTitle="" />
    <Mapping exportContext="/110%20DXA%20Site%20Type/Building%20Blocks/Settings" exportTitle="SiteFactory" importContext="" importTitle="" />
    <Mapping exportContext="/110%20DXA%20Site%20Type/Building%20Blocks/Settings/SiteFactory" exportTitle="Site%20Manager" importContext="" importTitle="" />
    <Mapping exportContext="/110%20DXA%20Site%20Type/Building%20Blocks/Settings/SiteFactory/Site%20Manager" exportTitle="Thumbnails" importContext="" importTitle="" />
  </ItemSet>
  <ItemSet role="Schema">
    <Mapping exportContext="/000%20Empty/Building%20Blocks" exportTitle="Default%20Multimedia%20Schema.xsd" importContext="" importTitle="" />
    <Mapping exportContext="/100%20Master/Building%20Blocks" exportTitle="Default%20Multimedia%20Schema.xsd" importContext="" importTitle="" />
    <Mapping exportContext="/100%20Master/Building%20Blocks/Modules/Core/Developer/Schemas/Metadata" exportTitle="Component%20Template%20Metadata.xsd" importContext="" importTitle="" />
    <Mapping exportContext="/100%20Master/Building%20Blocks/Modules/Core/Editor/Schemas" exportTitle="Article.xsd" importContext="" importTitle="" />
    <Mapping exportContext="/100%20Master/Building%20Blocks/Modules/Core/Editor/Schemas" exportTitle="Content%20Query.xsd" importContext="" importTitle="" />
    <Mapping exportContext="/100%20Master/Building%20Blocks/Modules/Core/Editor/Schemas" exportTitle="Item%20List.xsd" importContext="" importTitle="" />
    <Mapping exportContext="/100%20Master/Building%20Blocks/Modules/Core/Editor/Schemas" exportTitle="Link%20List.xsd" importContext="" importTitle="" />
    <Mapping exportContext="/100%20Master/Building%20Blocks/Modules/Core/Editor/Schemas" exportTitle="News%20Article.xsd" importContext="" importTitle="" />
    <Mapping exportContext="/100%20Master/Building%20Blocks/Modules/Core/Editor/Schemas" exportTitle="Place.xsd" importContext="" importTitle="" />
    <Mapping exportContext="/100%20Master/Building%20Blocks/Modules/Core/Editor/Schemas" exportTitle="Teaser.xsd" importContext="" importTitle="" />
    <Mapping exportContext="/100%20Master/Building%20Blocks/Modules/Core/Editor/Schemas" exportTitle="YouTube%20Video.xsd" importContext="" importTitle="" />
    <Mapping exportContext="/100%20Master/Building%20Blocks/Modules/Core/Site%20Manager/Schemas/Metadata" exportTitle="Publication%20Metadata.xsd" importContext="" importTitle="" />
    <Mapping exportContext="/100%20Master/Building%20Blocks/Modules/FlexLayout/Schemas" exportTitle="Carousel%20Container.xsd" importContext="" importTitle="" />
    <Mapping exportContext="/100%20Master/Building%20Blocks/Modules/FlexLayout/Schemas" exportTitle="Column%20Layout%20Container.xsd" importContext="" importTitle="" />
    <Mapping exportContext="/100%20Master/Building%20Blocks/Modules/FlexLayout/Schemas" exportTitle="Layout%20Container.xsd" importContext="" importTitle="" />
    <Mapping exportContext="/110%20DXA%20Site%20Type/Building%20Blocks" exportTitle="Default%20Multimedia%20Schema.xsd" importContext="" importTitle="" />
    <Mapping exportContext="/110%20DXA%20Site%20Type/Building%20Blocks/Modules/FlexLayout/Schemas" exportTitle="Carousel%20Container.xsd" importContext="" importTitle="" />
    <Mapping exportContext="/110%20DXA%20Site%20Type/Building%20Blocks/Modules/FlexLayout/Schemas" exportTitle="Column%20Layout%20Container.xsd" importContext="" importTitle="" />
    <Mapping exportContext="/110%20DXA%20Site%20Type/Building%20Blocks/Modules/FlexLayout/Schemas" exportTitle="Layout%20Container.xsd" importContext="" importTitle="" />
    <Mapping exportContext="/110%20DXA%20Site%20Type/Building%20Blocks/Modules/SiteFactory/SiteManager/Schemas" exportTitle="Site%20Factory%20Publication%20Metadata.xsd" importContext="" importTitle="" />
  </ItemSet>
  <ItemSet role="Component">
    <Mapping exportContext="/110%20DXA%20Site%20Type/Building%20Blocks/Content/_Cloneable%20Content" exportTitle="2-Column%20Layout.xml" importContext="" importTitle="" />
    <Mapping exportContext="/110%20DXA%20Site%20Type/Building%20Blocks/Content/_Cloneable%20Content" exportTitle="3-Column%20Layout.xml" importContext="" importTitle="" />
    <Mapping exportContext="/110%20DXA%20Site%20Type/Building%20Blocks/Content/_Cloneable%20Content" exportTitle="4-Column%20Layout.xml" importContext="" importTitle="" />
    <Mapping exportContext="/110%20DXA%20Site%20Type/Building%20Blocks/Content/_Cloneable%20Content" exportTitle="Accordion%20Container.xml" importContext="" importTitle="" />
    <Mapping exportContext="/110%20DXA%20Site%20Type/Building%20Blocks/Content/_Cloneable%20Content" exportTitle="Article.xml" importContext="" importTitle="" />
    <Mapping exportContext="/110%20DXA%20Site%20Type/Building%20Blocks/Content/_Cloneable%20Content" exportTitle="Carousel%20Container.xml" importContext="" importTitle="" />
    <Mapping exportContext="/110%20DXA%20Site%20Type/Building%20Blocks/Content/_Cloneable%20Content" exportTitle="Content%20List.xml" importContext="" importTitle="" />
    <Mapping exportContext="/110%20DXA%20Site%20Type/Building%20Blocks/Content/_Cloneable%20Content" exportTitle="Content%20Query.xml" importContext="" importTitle="" />
    <Mapping exportContext="/110%20DXA%20Site%20Type/Building%20Blocks/Content/_Cloneable%20Content" exportTitle="E-Commerce%20Navigation%20Section.xml" importContext="" importTitle="" />
    <Mapping exportContext="/110%20DXA%20Site%20Type/Building%20Blocks/Content/_Cloneable%20Content" exportTitle="E-Commerce%20Product%20Detail.xml" importContext="" importTitle="" />
    <Mapping exportContext="/110%20DXA%20Site%20Type/Building%20Blocks/Content/_Cloneable%20Content" exportTitle="E-Commerce%20Promotions%20Widget.xml" importContext="" importTitle="" />
    <Mapping exportContext="/110%20DXA%20Site%20Type/Building%20Blocks/Content/_Cloneable%20Content" exportTitle="Form.xml" importContext="" importTitle="" />
    <Mapping exportContext="/110%20DXA%20Site%20Type/Building%20Blocks/Content/_Cloneable%20Content" exportTitle="Image%20List.xml" importContext="" importTitle="" />
    <Mapping exportContext="/110%20DXA%20Site%20Type/Building%20Blocks/Content/_Cloneable%20Content" exportTitle="Large%20Image.jpg" importContext="" importTitle="" />
    <Mapping exportContext="/110%20DXA%20Site%20Type/Building%20Blocks/Content/_Cloneable%20Content" exportTitle="News%20Article.xml" importContext="" importTitle="" />
    <Mapping exportContext="/110%20DXA%20Site%20Type/Building%20Blocks/Content/_Cloneable%20Content" exportTitle="Place.xml" importContext="" importTitle="" />
    <Mapping exportContext="/110%20DXA%20Site%20Type/Building%20Blocks/Content/_Cloneable%20Content" exportTitle="Tab%20Container.xml" importContext="" importTitle="" />
    <Mapping exportContext="/110%20DXA%20Site%20Type/Building%20Blocks/Content/_Cloneable%20Content" exportTitle="YouTube%20Video.jpg" importContext="" importTitle="" />
    <Mapping exportContext="/110%20DXA%20Site%20Type/Building%20Blocks/Modules/E-Commerce/Site%20Manager/Default%20Widgets" exportTitle="Product%20Detail.xml" importContext="" importTitle="" />
    <Mapping exportContext="/110%20DXA%20Site%20Type/Building%20Blocks/Settings/SiteFactory/Site%20Manager/Thumbnails" exportTitle="dxa.png" importContext="" importTitle="" />
  </ItemSet>
  <ItemSet role="ComponentTemplate">
    <Mapping exportContext="/000%20Empty/Building%20Blocks/Default%20Templates" exportTitle="Default%20Component%20Template.tctcmp" importContext="" importTitle="" />
    <Mapping exportContext="/100%20Master/Building%20Blocks/Default%20Templates" exportTitle="Default%20Component%20Template.tctcmp" importContext="" importTitle="" />
    <Mapping exportContext="/100%20Master/Building%20Blocks/Modules/FlexLayout/Templates/Container%20Items" exportTitle="Article%20%3CLayout%3E.tctcmp" importContext="" importTitle="" />
    <Mapping exportContext="/100%20Master/Building%20Blocks/Modules/FlexLayout/Templates/Container%20Items" exportTitle="List%20%3CLayout%3E.tctcmp" importContext="" importTitle="" />
    <Mapping exportContext="/100%20Master/Building%20Blocks/Modules/FlexLayout/Templates/Container%20Items" exportTitle="Teaser%20%3CCarousel%3E.tctcmp" importContext="" importTitle="" />
    <Mapping exportContext="/100%20Master/Building%20Blocks/Modules/FlexLayout/Templates/Container%20Items" exportTitle="Teaser%20%3CLayout%3E.tctcmp" importContext="" importTitle="" />
    <Mapping exportContext="/100%20Master/Building%20Blocks/Modules/FlexLayout/Templates/Container%20Items" exportTitle="Teaser%20Map%20%3CLayout%3E.tctcmp" importContext="" importTitle="" />
    <Mapping exportContext="/100%20Master/Building%20Blocks/Modules/FlexLayout/Templates/Container%20Items" exportTitle="YouTube%20Video%20%3CLayout%3E.tctcmp" importContext="" importTitle="" />
    <Mapping exportContext="/100%20Master/Building%20Blocks/Modules/FlexLayout/Templates/Containers" exportTitle="Accordion%20Container.tctcmp" importContext="" importTitle="" />
    <Mapping exportContext="/100%20Master/Building%20Blocks/Modules/FlexLayout/Templates/Containers" exportTitle="Carousel%20Container.tctcmp" importContext="" importTitle="" />
    <Mapping exportContext="/100%20Master/Building%20Blocks/Modules/FlexLayout/Templates/Containers" exportTitle="Column%20Layout%20Container.tctcmp" importContext="" importTitle="" />
    <Mapping exportContext="/100%20Master/Building%20Blocks/Modules/FlexLayout/Templates/Containers" exportTitle="Tab%20Container.tctcmp" importContext="" importTitle="" />
    <Mapping exportContext="/110%20DXA%20Site%20Type/Building%20Blocks/Default%20Templates" exportTitle="Default%20Component%20Template.tctcmp" importContext="" importTitle="" />
    <Mapping exportContext="/110%20DXA%20Site%20Type/Building%20Blocks/Modules/Core/Editor/Templates" exportTitle="Accordion.tctcmp" importContext="" importTitle="" />
    <Mapping exportContext="/110%20DXA%20Site%20Type/Building%20Blocks/Modules/Core/Editor/Templates" exportTitle="Article.tctcmp" importContext="" importTitle="" />
    <Mapping exportContext="/110%20DXA%20Site%20Type/Building%20Blocks/Modules/Core/Editor/Templates" exportTitle="Download.tctcmp" importContext="" importTitle="" />
    <Mapping exportContext="/110%20DXA%20Site%20Type/Building%20Blocks/Modules/Core/Editor/Templates" exportTitle="Paged%20List.tctcmp" importContext="" importTitle="" />
    <Mapping exportContext="/110%20DXA%20Site%20Type/Building%20Blocks/Modules/Core/Editor/Templates" exportTitle="Place.tctcmp" importContext="" importTitle="" />
    <Mapping exportContext="/110%20DXA%20Site%20Type/Building%20Blocks/Modules/Core/Editor/Templates" exportTitle="Thumbnail%20List.tctcmp" importContext="" importTitle="" />
    <Mapping exportContext="/110%20DXA%20Site%20Type/Building%20Blocks/Modules/Core/Editor/Templates" exportTitle="YouTube%20Video.tctcmp" importContext="" importTitle="" />
    <Mapping exportContext="/110%20DXA%20Site%20Type/Building%20Blocks/Modules/E-Commerce/Editor/Templates" exportTitle="Facets%20Widget%20%5BMegaNavigation%5D.tctcmp" importContext="" importTitle="" />
    <Mapping exportContext="/110%20DXA%20Site%20Type/Building%20Blocks/Modules/E-Commerce/Editor/Templates" exportTitle="Product%20Detail%20Widget.tctcmp" importContext="" importTitle="" />
    <Mapping exportContext="/110%20DXA%20Site%20Type/Building%20Blocks/Modules/E-Commerce/Editor/Templates" exportTitle="Promotions%20Widget.tctcmp" importContext="" importTitle="" />
    <Mapping exportContext="/110%20DXA%20Site%20Type/Building%20Blocks/Modules/FlexLayout/Templates/Containers" exportTitle="Accordion%20Container.tctcmp" importContext="" importTitle="" />
    <Mapping exportContext="/110%20DXA%20Site%20Type/Building%20Blocks/Modules/FlexLayout/Templates/Containers" exportTitle="Carousel%20Container.tctcmp" importContext="" importTitle="" />
    <Mapping exportContext="/110%20DXA%20Site%20Type/Building%20Blocks/Modules/FlexLayout/Templates/Containers" exportTitle="Column%20Layout%20Container.tctcmp" importContext="" importTitle="" />
    <Mapping exportContext="/110%20DXA%20Site%20Type/Building%20Blocks/Modules/FlexLayout/Templates/Containers" exportTitle="Tab%20Container.tctcmp" importContext="" importTitle="" />
    <Mapping exportContext="/110%20DXA%20Site%20Type/Building%20Blocks/Modules/Forms/Editor/Templates" exportTitle="Form%20CT.tctcmp" importContext="" importTitle="" />
  </ItemSet>
  <ItemSet role="PageTemplate">
    <Mapping exportContext="/000%20Empty/Building%20Blocks/Default%20Templates" exportTitle="Default%20Page%20Template.tptcmp" importContext="" importTitle="" />
    <Mapping exportContext="/100%20Master/Building%20Blocks/Default%20Templates" exportTitle="Default%20Page%20Template.tptcmp" importContext="" importTitle="" />
    <Mapping exportContext="/110%20DXA%20Site%20Type/Building%20Blocks/Modules/Core/Editor/Templates" exportTitle="Content%20Page%20Without%20Navigation.tptcmp" importContext="" importTitle="" />
    <Mapping exportContext="/110%20DXA%20Site%20Type/Building%20Blocks/Modules/Core/Editor/Templates" exportTitle="Content%20Page.tptcmp" importContext="" importTitle="" />
    <Mapping exportContext="/110%20DXA%20Site%20Type/Building%20Blocks/Modules/Core/Editor/Templates" exportTitle="Home%20Page.tptcmp" importContext="" importTitle="" />
    <Mapping exportContext="/110%20DXA%20Site%20Type/Building%20Blocks/Modules/Core/Editor/Templates" exportTitle="Redirect%20Page.tptcmp" importContext="" importTitle="" />
    <Mapping exportContext="/110%20DXA%20Site%20Type/Building%20Blocks/Modules/Core/Editor/Templates" exportTitle="Section%20Page.tptcmp" importContext="" importTitle="" />
    <Mapping exportContext="/110%20DXA%20Site%20Type/Building%20Blocks/Modules/Core/Site%20Manager/Templates" exportTitle="Include%20Page.tptcmp" importContext="" importTitle="" />
  </ItemSet>
  <ItemSet role="TemplateBuildingBlock">
    <Mapping exportContext="/000%20Empty/Building%20Blocks/Default%20Templates" exportTitle="Default%20Dreamweaver%20Page%20Design.dwt" importContext="" importTitle="" />
    <Mapping exportContext="/100%20Master/Building%20Blocks/Default%20Templates" exportTitle="Default%20Dreamweaver%20Page%20Design.dwt" importContext="" importTitle="" />
    <Mapping exportContext="/100%20Master/Building%20Blocks/Modules/Core/Developer/Core%20Template%20Building%20Blocks" exportTitle="Default%20Component%20Template%20Finish%20Actions.tbbcmp" importContext="" importTitle="" />
    <Mapping exportContext="/100%20Master/Building%20Blocks/Modules/Core/Developer/Core%20Template%20Building%20Blocks" exportTitle="Render%20Component%20Content.tbbcmp" importContext="" importTitle="" />
    <Mapping exportContext="/110%20DXA%20Site%20Type/Building%20Blocks/Default%20Templates" exportTitle="Default%20Dreamweaver%20Page%20Design.dwt" importContext="" importTitle="" />
  </ItemSet>
  <ItemSet role="BusinessProcessType">
    <Mapping exportContext="/110%20DXA%20Site%20Type" exportTitle="DXA%20Development" importContext="" importTitle="" />
  </ItemSet>
  <ItemSet role="MultimediaType">
    <Mapping exportTitle="Png%20image.tmt" importTitle="" />
  </ItemSet>
  <ItemSet role="ProcessDefinition">
    <Mapping exportContext="/000%20Empty" exportTitle="Task%20Process.tpd" importContext="" importTitle="" />
    <Mapping exportContext="/100%20Master" exportTitle="Task%20Process.tpd" importContext="" importTitle="" />
    <Mapping exportContext="/110%20DXA%20Site%20Type" exportTitle="Task%20Process.tpd" importContext="" importTitle="" />
  </ItemSet>
</Mappings>