<PackageItem xmlns:tcm="http://www.tridion.com/ContentManager/5.0" xmlns:xlink="http://www.w3.org/1999/xlink" xmlns="http://www.sdltridion.com/ContentManager/ImportExport/Package/2013">
  <Data>
    <tcm:Data>
      <tcm:Title>SmartTarget Home Page</tcm:Title>
      <tcm:Type>CompoundTemplate</tcm:Type>
      <tcm:Content>
        <tcm:PublisherScript>&lt;CompoundTemplate xmlns="http://www.tridion.com/ContentManager/5.3/CompoundTemplate"&gt;
  &lt;TemplateInvocation&gt;
    &lt;Template xlink:href="/webdav/100%20Master/Building%20Blocks/Modules/Core/Developer/Core%20Template%20Building%20Blocks/Render%20Page%20Content.tbbcmp" xmlns:xlink="http://www.w3.org/1999/xlink" xlink:title="Render Page Content" /&gt;
    &lt;TemplateParameters&gt;&lt;/TemplateParameters&gt;
  &lt;/TemplateInvocation&gt;
  &lt;TemplateInvocation&gt;
    &lt;Template xlink:href="/webdav/100%20Master/Building%20Blocks/Modules/Core/Developer/Core%20Template%20Building%20Blocks/Default%20Page%20Template%20Finish%20Actions.tbbcmp" xmlns:xlink="http://www.w3.org/1999/xlink" xlink:title="Default Page Template Finish Actions" /&gt;
    &lt;TemplateParameters&gt;&lt;/TemplateParameters&gt;
  &lt;/TemplateInvocation&gt;
&lt;/CompoundTemplate&gt;</tcm:PublisherScript>
      </tcm:Content>
      <tcm:MetadataSchema xlink:type="simple" xlink:title="SmartTarget Page Template Metadata" xlink:href="/webdav/100%20Master/Building%20Blocks/Modules/SmartTarget/Editor/Schemas/Metadata/SmartTarget%20Page%20Template%20Metadata.xsd" />
      <tcm:ParameterSchema xlink:type="simple" xlink:title="" xlink:href="tcm:0-0-0" />
      <tcm:Metadata>
        <Metadata xmlns="uuid:42224c8a-53e8-434f-bcd4-67949d75c471">
          <includes>system/include/header</includes>
          <includes>system/include/footer</includes>
          <view>GeneralPage</view>
          <regions>
            <view>Hero</view>
            <maxItems>1</maxItems>
          </regions>
          <allowDuplicationOnSamePage>Use core configuration</allowDuplicationOnSamePage>
        </Metadata>
      </tcm:Metadata>
      <tcm:FileExtension>html</tcm:FileExtension>
      <tcm:PageSchema xlink:type="simple" xlink:title="" xlink:href="tcm:0-0-0" />
    </tcm:Data>
  </Data>
  <Dependencies>
    <Dependency dependencyType="Publication" itemUrl="/webdav/100%20Master" linkName="LocationInfo/ContextRepository" />
    <Dependency dependencyType="OrganizationalItemFolder" itemUrl="/webdav/100%20Master/Building%20Blocks/Modules/SmartTarget/Editor/Templates" linkName="LocationInfo/OrganizationalItem" />
    <Dependency dependencyType="MetadataSchema" itemUrl="/webdav/100%20Master/Building%20Blocks/Modules/SmartTarget/Editor/Schemas/Metadata/SmartTarget%20Page%20Template%20Metadata.xsd" linkName="MetadataSchema" />
    <Dependency dependencyType="TemplateLinkedItem" itemUrl="/webdav/100%20Master/Building%20Blocks/Modules/Core/Developer/Core%20Template%20Building%20Blocks/Default%20Page%20Template%20Finish%20Actions.tbbcmp" linkName="ExtractedReferences[0]" />
    <Dependency dependencyType="TemplateLinkedItem" itemUrl="/webdav/100%20Master/Building%20Blocks/Modules/Core/Developer/Core%20Template%20Building%20Blocks/Render%20Page%20Content.tbbcmp" linkName="ExtractedReferences[1]" />
  </Dependencies>
</PackageItem>