<PackageItem xmlns:tcm="http://www.tridion.com/ContentManager/5.0" xmlns:xlink="http://www.w3.org/1999/xlink" xmlns="http://www.sdltridion.com/ContentManager/ImportExport/Package/2013">
  <Data>
    <tcm:Data>
      <tcm:Title>3-Column Layout</tcm:Title>
      <tcm:Type>Normal</tcm:Type>
      <tcm:Schema xlink:type="simple" xlink:title="Column Layout Container" xlink:href="/webdav/110%20DXA%20Site%20Type/Building%20Blocks/Modules/FlexLayout/Editor/Schemas/Column%20Layout%20Container.xsd" IsMandatory="false" />
      <tcm:Content>
        <ColumnLayoutContainer xmlns="uuid:8bc35409-00f6-43d5-bba4-71e89c86c837" />
      </tcm:Content>
      <tcm:Metadata>
        <Metadata xmlns="uuid:8bc35409-00f6-43d5-bba4-71e89c86c837">
          <columns>3</columns>
        </Metadata>
      </tcm:Metadata>
      <tcm:IsBasedOnTridionWebSchema>true</tcm:IsBasedOnTridionWebSchema>
      <tcm:MultimediaType xlink:type="simple" xlink:title="" xlink:href="tcm:0-0-0" />
    </tcm:Data>
  </Data>
  <Dependencies>
    <Dependency dependencyType="Publication" itemUrl="/webdav/110%20DXA%20Site%20Type" linkName="LocationInfo/ContextRepository" />
    <Dependency dependencyType="OrganizationalItemFolder" itemUrl="/webdav/110%20DXA%20Site%20Type/Building%20Blocks/Content/_Cloneable%20Content" linkName="LocationInfo/OrganizationalItem" />
    <Dependency dependencyType="Schema" itemUrl="/webdav/110%20DXA%20Site%20Type/Building%20Blocks/Modules/FlexLayout/Editor/Schemas/Column%20Layout%20Container.xsd" linkName="Schema" />
  </Dependencies>
</PackageItem>