<Index dataContractVersion="201501" xmlns="http://www.sdltridion.com/ContentManager/ImportExport/Package/2013">
  <Item id="tcm:0-0-0" selected="false" exported="true">
    <ApplicationIds>
      <ApplicationId>http://www.sdl.com/tridion/SemanticMapping/vocabularies</ApplicationId>
    </ApplicationIds>
    <Item id="tcm:0-17-1" title="000%20Empty" itemType="Publication" selected="false" exported="true">
      <Item id="tcm:17-136-2" title="Building%20Blocks" itemType="Folder" blueprintStatus="LocalItem" selected="true" exported="true">
        <Item id="71782eaac0c14081b3a82b7a69b28819" title="Default%20Templates" itemType="Folder" selected="false" exported="false">
          <Item id="dffdb5810ad642c39749e311c87b96e7" title="Default%20Component%20Template" extension="tctcmp" itemType="ComponentTemplate" selected="false" exported="false" />
          <Item id="f6eb892478484438aabaa4d61fc3946d" title="Default%20Dreamweaver%20Page%20Design" extension="dwt" itemType="TemplateBuildingBlock" selected="false" exported="false" />
          <Item id="962abd0d6f5647de8c6bce207b28522d" title="Default%20Page%20Template" extension="tptcmp" itemType="PageTemplate" selected="false" exported="false" />
        </Item>
        <Item id="05140f10ba3c408ebb4d8bde4d581100" title="Default%20Multimedia%20Schema" extension="xsd" itemType="Schema" selected="false" exported="false" />
      </Item>
      <Item id="8b7afb0f32a44edb8a13e1c18c92b83d" title="Task%20Process" extension="tpd" itemType="ProcessDefinition" selected="false" exported="false" />
    </Item>
    <Item id="87c4f0d562044aa3b5e186cc721fd15e" title="100%20Master" itemType="Publication" selected="false" exported="false" />
    <Item id="tcm:0-19-1" title="110%20DXA%20Site%20Type" itemType="Publication" selected="true" exported="true">
      <ApplicationIds>
        <ApplicationId>SiteEdit</ApplicationId>
      </ApplicationIds>
      <Item id="tcm:19-136-2" title="Building%20Blocks" itemType="Folder" blueprintStatus="SharedItem" selected="true" exported="true">
        <Item id="tcm:19-175-2" title="Content" itemType="Folder" blueprintStatus="LocalizedItem" selected="true" exported="true">
          <Item id="d889da93e94a42a1b82b8b0ceb3ddc91" title="Articles" itemType="Folder" selected="false" exported="false" />
          <Item id="fd69649207b04dcaae649d09d694e761" title="FlexLayout" itemType="Folder" selected="false" exported="false" />
          <Item id="a7d2bfc8b2b54ea1be3aca0351ac99f0" title="Images" itemType="Folder" selected="false" exported="false" />
          <Item id="15486c9ede354963a471377722b55eb3" title="Video" itemType="Folder" selected="false" exported="false" />
          <Item id="tcm:19-182-2" title="_Cloneable%20Content" itemType="Folder" blueprintStatus="LocalItem" selected="true" exported="true">
            <Item id="tcm:19-982" title="2-Column%20Layout" extension="xml" itemType="Component" blueprintStatus="LocalItem" selected="true" exported="true" />
            <Item id="tcm:19-983" title="3-Column%20Layout" extension="xml" itemType="Component" blueprintStatus="LocalItem" selected="true" exported="true" />
            <Item id="tcm:19-984" title="4-Column%20Layout" extension="xml" itemType="Component" blueprintStatus="LocalItem" selected="true" exported="true" />
            <Item id="tcm:19-987" title="Accordion%20Container" extension="xml" itemType="Component" blueprintStatus="LocalItem" selected="true" exported="true" />
            <Item id="744849fc9c57452db2f3c83f955c55bd" title="Article" extension="xml" itemType="Component" selected="false" exported="false" />
            <Item id="tcm:19-986" title="Carousel%20Container" extension="xml" itemType="Component" blueprintStatus="LocalItem" selected="true" exported="true" />
            <Item id="aeea008a064e4f228e848c39779eaf55" title="Content%20List" extension="xml" itemType="Component" selected="false" exported="false" />
            <Item id="a13d55ba541442bcad0985e43670b6c0" title="Content%20Query" extension="xml" itemType="Component" selected="false" exported="false" />
            <Item id="dd4f0bc9dc1742509f113937d0b426e5" title="Image%20List" extension="xml" itemType="Component" selected="false" exported="false" />
            <Item id="f82dc84c36ed413a8552b5a57caeeae2" title="Large%20Image" extension="jpg" itemType="Component" selected="false" exported="false" />
            <Item id="b15411bb2ff447ff856806242fc2d3a0" title="News%20Article" extension="xml" itemType="Component" selected="false" exported="false" />
            <Item id="e2c939ec63554a2dbd16d7c56e855043" title="Place" extension="xml" itemType="Component" selected="false" exported="false" />
            <Item id="tcm:19-985" title="Tab%20Container" extension="xml" itemType="Component" blueprintStatus="LocalItem" selected="true" exported="true" />
            <Item id="326cae6df294425cb2e15fde497174c8" title="YouTube%20Video" extension="jpg" itemType="Component" selected="false" exported="false" />
          </Item>
        </Item>
        <Item id="989eb65fbc454c309b97ce403e7a70d8" title="Default%20Templates" itemType="Folder" selected="false" exported="false">
          <Item id="cc8e0a9d575e459194cb6ce98d67f019" title="Default%20Component%20Template" extension="tctcmp" itemType="ComponentTemplate" selected="false" exported="false" />
          <Item id="7fd385e081074baea80097dea07dde79" title="Default%20Dreamweaver%20Page%20Design" extension="dwt" itemType="TemplateBuildingBlock" selected="false" exported="false" />
        </Item>
        <Item id="c633c3f3d325407ea0a4cd0cbf99cf82" title="Modules" itemType="Folder" selected="false" exported="false">
          <Item id="136f6cfee15a4460a409cc08ee51492e" title="Core" itemType="Folder" selected="false" exported="false">
            <Item id="11adcd248b9c4a84878ef78cba4dfe77" title="Editor" itemType="Folder" selected="false" exported="false">
              <Item id="6038a68aa6404154a0798b2c5710e572" title="Templates" itemType="Folder" selected="false" exported="false">
                <Item id="99d004eeae1c4940844b3312b7e957fc" title="Accordion" extension="tctcmp" itemType="ComponentTemplate" selected="false" exported="false" />
                <Item id="f49c8bcf14e3413c9dc4fd41e23ed696" title="Article" extension="tctcmp" itemType="ComponentTemplate" selected="false" exported="false" />
                <Item id="de225b1d82f44d14bd01411db0cb4b78" title="Content%20Page%20Without%20Navigation" extension="tptcmp" itemType="PageTemplate" selected="false" exported="false" />
                <Item id="fcad275878854f08927f9a4d97b2e235" title="Content%20Page" extension="tptcmp" itemType="PageTemplate" selected="false" exported="false" />
                <Item id="e59b661432c940008813f95428b846be" title="Download" extension="tctcmp" itemType="ComponentTemplate" selected="false" exported="false" />
                <Item id="f660330061794bb98169a74a4c2da690" title="Home%20Page" extension="tptcmp" itemType="PageTemplate" selected="false" exported="false" />
                <Item id="92ef0b6c7af14c638933357a1395e32c" title="Paged%20List" extension="tctcmp" itemType="ComponentTemplate" selected="false" exported="false" />
                <Item id="1e1a4754e77b4519b42d7f2e81f25ac9" title="Place" extension="tctcmp" itemType="ComponentTemplate" selected="false" exported="false" />
                <Item id="b52d52daae6e48a5834c8512873ec95d" title="Redirect%20Page" extension="tptcmp" itemType="PageTemplate" selected="false" exported="false" />
                <Item id="db2e8c6a926e4eb49d59fd216d7be4ce" title="Section%20Page" extension="tptcmp" itemType="PageTemplate" selected="false" exported="false" />
                <Item id="a876e2c27fec4f64bab962f6134befc6" title="Thumbnail%20List" extension="tctcmp" itemType="ComponentTemplate" selected="false" exported="false" />
                <Item id="27c7cec759e34d13b2e50cf8df4a3865" title="YouTube%20Video" extension="tctcmp" itemType="ComponentTemplate" selected="false" exported="false" />
              </Item>
            </Item>
          </Item>
          <Item id="cd4a0c9bded04345aac8155bf719bc03" title="FlexLayout" itemType="Folder" selected="false" exported="false">
            <Item id="7ef30220e10d4b45b80cfe19ae89931c" title="Editor" itemType="Folder" selected="false" exported="false">
              <Item id="00ed264f13624840936ccfd9b9127a77" title="Schemas" itemType="Folder" selected="false" exported="false">
                <Item id="0489498075c74edfa3d3e4b1b80e1008" title="Carousel%20Container" extension="xsd" itemType="Schema" selected="false" exported="false" />
                <Item id="7c7b9d8a588749d7800060efef91131f" title="Column%20Layout%20Container" extension="xsd" itemType="Schema" selected="false" exported="false" />
                <Item id="9c67f941106649b78039bd524a9b2380" title="Layout%20Container" extension="xsd" itemType="Schema" selected="false" exported="false" />
              </Item>
              <Item id="8a03f85a1576453e8f7cf2ea06eef6bb" title="Templates" itemType="Folder" selected="false" exported="false">
                <Item id="674051dd45ba4d90bc3cef0177bf35af" title="Containers" itemType="Folder" selected="false" exported="false">
                  <Item id="236d94f63b2842eb9e62fe371d6f8e21" title="Accordion%20Container" extension="tctcmp" itemType="ComponentTemplate" selected="false" exported="false" />
                  <Item id="610b700249d442e2ae568c5f01c18ac7" title="Carousel%20Container" extension="tctcmp" itemType="ComponentTemplate" selected="false" exported="false" />
                  <Item id="3a7b5cc924b143a8acaf1df115ec7b57" title="Column%20Layout%20Container" extension="tctcmp" itemType="ComponentTemplate" selected="false" exported="false" />
                  <Item id="74416c0063e1425091269650f186ed8f" title="Tab%20Container" extension="tctcmp" itemType="ComponentTemplate" selected="false" exported="false" />
                </Item>
              </Item>
            </Item>
          </Item>
        </Item>
        <Item id="ab191dde8aa943dba5c8e504866177e2" title="Default%20Multimedia%20Schema" extension="xsd" itemType="Schema" selected="false" exported="false" />
      </Item>
      <Item id="bf723ad6293e428bba63f55ea8c6242c" title="DXA%20Development" itemType="BusinessProcessType" selected="false" exported="false" />
      <Item id="5119b16db7af45ebaa2b8803b6af2b97" title="Task%20Process" extension="tpd" itemType="ProcessDefinition" selected="false" exported="false" />
    </Item>
  </Item>
</Index>