<Index dataContractVersion="201501" xmlns="http://www.sdltridion.com/ContentManager/ImportExport/Package/2013">
  <Item id="tcm:0-0-0" selected="false" exported="true">
    <ApplicationIds>
      <ApplicationId>http://www.sdl.com/tridion/SemanticMapping/vocabularies</ApplicationId>
    </ApplicationIds>
    <Item id="tcm:0-17-1" title="000%20Empty" itemType="Publication" selected="false" exported="true">
      <Item id="tcm:17-136-2" title="Building%20Blocks" itemType="Folder" blueprintStatus="LocalItem" selected="false" exported="true">
        <Item id="794dfbbaa53f45568d3403a4fadfff47" title="Default%20Templates" itemType="Folder" selected="false" exported="false">
          <Item id="064f2a5af61b4a4d93ae0b92aa2fd322" title="Default%20Component%20Template" extension="tctcmp" itemType="ComponentTemplate" selected="false" exported="false" />
          <Item id="ad7e181d856d4f72b6db8f2ddd287fc7" title="Default%20Dreamweaver%20Page%20Design" extension="dwt" itemType="TemplateBuildingBlock" selected="false" exported="false" />
          <Item id="143d76a002da4111969efb0ed314ae9d" title="Default%20Page%20Template" extension="tptcmp" itemType="PageTemplate" selected="false" exported="false" />
        </Item>
        <Item id="883b2df33edc46ed93c9c6213cf087e9" title="Default%20Multimedia%20Schema" extension="xsd" itemType="Schema" selected="false" exported="false" />
      </Item>
      <Item id="64c63e7a42304e07ace60d8775abe47e" title="Task%20Process" extension="tpd" itemType="ProcessDefinition" selected="false" exported="false" />
    </Item>
    <Item id="2292dec0e91b43ad910b0a8c17bc889f" title="100%20Master" itemType="Publication" selected="false" exported="false" />
    <Item id="tcm:0-19-1" title="110%20DXA%20Site%20Type" itemType="Publication" selected="true" exported="true">
      <ApplicationIds>
        <ApplicationId>SiteEdit</ApplicationId>
      </ApplicationIds>
      <Item id="tcm:19-136-2" title="Building%20Blocks" itemType="Folder" blueprintStatus="SharedItem" selected="false" exported="true">
        <Item id="tcm:19-175-2" title="Content" itemType="Folder" blueprintStatus="LocalizedItem" selected="false" exported="true">
          <Item id="768d4856bff844c7be067085abac0b90" title="Articles" itemType="Folder" selected="false" exported="false" />
          <Item id="tcm:19-236-2" title="FlexLayout" itemType="Folder" blueprintStatus="LocalItem" selected="true" exported="true" />
          <Item id="e644bcb12d1743b8b65060e2ea5237bb" title="Images" itemType="Folder" selected="false" exported="false" />
          <Item id="6f265099c588408cbcc28c66195b46a3" title="Video" itemType="Folder" selected="false" exported="false" />
          <Item id="tcm:19-182-2" title="_Cloneable%20Content" itemType="Folder" blueprintStatus="LocalItem" selected="true" exported="true">
            <Item id="tcm:19-982" title="2-Column%20Layout" extension="xml" itemType="Component" blueprintStatus="LocalItem" selected="true" exported="true" />
            <Item id="tcm:19-983" title="3-Column%20Layout" extension="xml" itemType="Component" blueprintStatus="LocalItem" selected="true" exported="true" />
            <Item id="tcm:19-984" title="4-Column%20Layout" extension="xml" itemType="Component" blueprintStatus="LocalItem" selected="true" exported="true" />
            <Item id="tcm:19-987" title="Accordion%20Container" extension="xml" itemType="Component" blueprintStatus="LocalItem" selected="true" exported="true" />
            <Item id="45e2f254d65b440899fd57e9825f3260" title="Article" extension="xml" itemType="Component" selected="false" exported="false" />
            <Item id="tcm:19-986" title="Carousel%20Container" extension="xml" itemType="Component" blueprintStatus="LocalItem" selected="true" exported="true" />
            <Item id="eb15396ea6b14f49a5b8db10bfa521a9" title="Content%20List" extension="xml" itemType="Component" selected="false" exported="false" />
            <Item id="f2c4326311234048a9bf48edae8c5d4f" title="Content%20Query" extension="xml" itemType="Component" selected="false" exported="false" />
            <Item id="4622c943a7b940cd8bc319981f6c7c11" title="Image%20List" extension="xml" itemType="Component" selected="false" exported="false" />
            <Item id="7db3a6de7c4d4a15ad60bd4ca64cf66e" title="Large%20Image" extension="jpg" itemType="Component" selected="false" exported="false" />
            <Item id="a7b34e8bf14f43ffa5506ba2f96264a2" title="News%20Article" extension="xml" itemType="Component" selected="false" exported="false" />
            <Item id="e5fd2a16686f490ca2b0f77729e1a3b4" title="Place" extension="xml" itemType="Component" selected="false" exported="false" />
            <Item id="tcm:19-985" title="Tab%20Container" extension="xml" itemType="Component" blueprintStatus="LocalItem" selected="true" exported="true" />
            <Item id="56ea996df66e4fae82b82708299b87a7" title="YouTube%20Video" extension="jpg" itemType="Component" selected="false" exported="false" />
          </Item>
        </Item>
        <Item id="19fa9d3cfb3a4c53a4d49a172027a679" title="Default%20Templates" itemType="Folder" selected="false" exported="false">
          <Item id="c58ec08a8679436eba2b01ad9f11d8fc" title="Default%20Component%20Template" extension="tctcmp" itemType="ComponentTemplate" selected="false" exported="false" />
          <Item id="68bf50b9a6f7487ab44a16b69e45da5f" title="Default%20Dreamweaver%20Page%20Design" extension="dwt" itemType="TemplateBuildingBlock" selected="false" exported="false" />
        </Item>
        <Item id="601bb0dd1805417f97bdb3a21a7ff4a6" title="Modules" itemType="Folder" selected="false" exported="false">
          <Item id="c74e6674bae540b7b42acba2d59a52f6" title="Core" itemType="Folder" selected="false" exported="false">
            <Item id="c9a623219a714e15a917123a37e46568" title="Editor" itemType="Folder" selected="false" exported="false">
              <Item id="f6b4580de1aa418eb1e92703303f3825" title="Templates" itemType="Folder" selected="false" exported="false">
                <Item id="073fd7cbc20140c9853e31a504ac10c0" title="Accordion" extension="tctcmp" itemType="ComponentTemplate" selected="false" exported="false" />
                <Item id="99a067cb48494a6597a0d2d0400248a2" title="Article" extension="tctcmp" itemType="ComponentTemplate" selected="false" exported="false" />
                <Item id="b398ec067c3342699b190b0b2c586df6" title="Content%20Page%20Without%20Navigation" extension="tptcmp" itemType="PageTemplate" selected="false" exported="false" />
                <Item id="17d8bc95c74947158e997b22ae224cda" title="Content%20Page" extension="tptcmp" itemType="PageTemplate" selected="false" exported="false" />
                <Item id="4655f8d511c84bed93e51ffac9fdf1d7" title="Download" extension="tctcmp" itemType="ComponentTemplate" selected="false" exported="false" />
                <Item id="7bc2a8e1552444afa8cc8840ef2aeb18" title="Home%20Page" extension="tptcmp" itemType="PageTemplate" selected="false" exported="false" />
                <Item id="e00f708d63664cb39f4444ff0002289a" title="Paged%20List" extension="tctcmp" itemType="ComponentTemplate" selected="false" exported="false" />
                <Item id="38943cad261244c7b22638daf43b84b9" title="Place" extension="tctcmp" itemType="ComponentTemplate" selected="false" exported="false" />
                <Item id="9b77dde6c8cd4e78bf8e2c2575d8593d" title="Redirect%20Page" extension="tptcmp" itemType="PageTemplate" selected="false" exported="false" />
                <Item id="69c94422abf6402db1de3cdfb60f2d68" title="Section%20Page" extension="tptcmp" itemType="PageTemplate" selected="false" exported="false" />
                <Item id="8140aec49cd145c7949c9582804d356d" title="Thumbnail%20List" extension="tctcmp" itemType="ComponentTemplate" selected="false" exported="false" />
                <Item id="1d3d288c7a2b47d7a6e1e90fa3f6ceb0" title="YouTube%20Video" extension="tctcmp" itemType="ComponentTemplate" selected="false" exported="false" />
              </Item>
            </Item>
          </Item>
          <Item id="6e03a292257141c9b93de02d45ac2029" title="FlexLayout" itemType="Folder" selected="false" exported="false">
            <Item id="52658bdc52254e838d953cdee40b1813" title="Editor" itemType="Folder" selected="false" exported="false">
              <Item id="5cdbfe4b5c3e40ffa6ce288cc51a8914" title="Schemas" itemType="Folder" selected="false" exported="false">
                <Item id="53d2ae75e0b34c3581f67a6e45a4410f" title="Carousel%20Container" extension="xsd" itemType="Schema" selected="false" exported="false" />
                <Item id="c5dd6f996ed14d589945858253da8495" title="Column%20Layout%20Container" extension="xsd" itemType="Schema" selected="false" exported="false" />
                <Item id="e61b2efa55114cdfb904af65fe8434fe" title="Layout%20Container" extension="xsd" itemType="Schema" selected="false" exported="false" />
              </Item>
              <Item id="7f3267556c26484c91f82b46e3df7005" title="Templates" itemType="Folder" selected="false" exported="false">
                <Item id="20133fd490b844568c1a164361f60a39" title="Containers" itemType="Folder" selected="false" exported="false">
                  <Item id="5a323fb87c5d43cf8fc547b62da22a8a" title="Accordion%20Container" extension="tctcmp" itemType="ComponentTemplate" selected="false" exported="false" />
                  <Item id="6daed8f6242d409f97a07ae29cf29ac7" title="Carousel%20Container" extension="tctcmp" itemType="ComponentTemplate" selected="false" exported="false" />
                  <Item id="2a2ec263dfe24242bfa689969b6259b6" title="Column%20Layout%20Container" extension="tctcmp" itemType="ComponentTemplate" selected="false" exported="false" />
                  <Item id="b6f76b0695c14dd3b4f5902aa8894684" title="Tab%20Container" extension="tctcmp" itemType="ComponentTemplate" selected="false" exported="false" />
                </Item>
              </Item>
            </Item>
          </Item>
        </Item>
        <Item id="6c1799d901b3486abba5666174b5c60a" title="Default%20Multimedia%20Schema" extension="xsd" itemType="Schema" selected="false" exported="false" />
      </Item>
      <Item id="4e248e98766049bf94c08f33903ff53f" title="DXA%20Development" itemType="BusinessProcessType" selected="false" exported="false" />
      <Item id="962ee91acd2c429a85b41f7c48b4db78" title="Task%20Process" extension="tpd" itemType="ProcessDefinition" selected="false" exported="false" />
    </Item>
  </Item>
</Index>